artist,title,lines,words,total_LQI,codeswitch_score,repetition_score,cadence_text_score,rhyme,internal,chain,multi_dens,compound_dens,holorime_dens,syl_density,syl_weight,alliteration,assonance,consonance,onomatopoeia,vocab,wordplay,simile,metaphor,pun,entendre,english,codeswitch,repetition,cadence_var,coherence_cosine,theme_cosine,pairwise_spread,mean_surprisal_nats,callback_cosine
Brodha V,Aigiri Nandini,170,948,44.26,45.44,10.36,77.1,43.14,100.0,30.48,40.0,0.0,0.0,95.0,91.4,99.78,86.38,100.0,0.0,78.73,0.0,0.0,0.0,0.0,0.0,18.33,18.82,2.37,47.1,0.5162,0.7384,0.4624,7.5082,0.9422
Brodha V,Flex,21,162,39.89,94.71,90.0,76.38,49.44,78.43,0.0,14.29,0.0,0.0,88.25,75.83,94.23,88.46,90.36,0.0,78.46,66.07,0.0,0.0,9.52,4.76,32.79,76.19,40.0,46.38,0.6145,0.7477,0.4629,7.6906,0.7339
Brodha V,Forever,74,644,32.41,89.05,0.0,90.28,19.01,50.93,0.0,5.41,0.0,0.0,87.99,80.43,81.99,60.36,88.67,10.81,97.26,83.94,13.51,1.35,2.7,8.11,78.27,54.05,0.0,61.14,0.2379,0.4549,0.8065,4.9346,0.4303
Brodha V,Ready Steady Po,59,445,31.55,73.98,30.17,98.48,11.25,23.26,0.0,3.39,0.0,0.0,66.1,43.12,86.84,44.27,58.26,78.26,57.0,12.43,3.39,0.0,0.0,0.0,75.34,38.98,6.9,93.91,0.3466,0.5921,0.6607,5.3311,0.7458
Brodha V,Vainko,88,515,31.56,59.85,42.92,91.39,12.97,22.6,0.0,4.71,0.0,0.0,61.45,51.82,43.46,53.55,59.24,0.0,75.08,59.66,8.24,3.53,0.0,5.88,64.31,27.06,10.71,65.58,0.2875,0.5001,0.7626,4.4673,0.5475
Calm,Bam Bam,27,239,38.74,94.24,16.83,93.97,27.84,86.42,0.0,7.41,0.0,0.0,85.93,50.2,100.0,54.41,78.21,100.0,60.51,11.27,0.0,0.0,0.0,3.7,60.45,74.07,3.85,75.87,0.5241,0.7367,0.4748,5.6201,0.8184
Calm,Ringtone,86,500,35.96,73.37,20.59,79.78,14.34,20.41,0.0,4.65,0.0,0.0,65.21,63.73,59.71,80.71,82.62,0.0,56.67,23.33,0.0,0.0,3.49,0.0,33.12,38.37,4.71,49.78,0.5557,0.7088,0.506,7.587,0.827
CarryMinati,Date Kar Le,48,275,39.42,92.59,0.0,54.06,20.48,24.69,31.75,2.08,0.0,0.0,56.46,73.18,92.39,34.55,58.81,0.0,73.85,14.84,0.0,0.0,2.08,2.08,36.36,66.67,0.0,28.75,0.4373,0.6803,0.5487,7.258,0.8537
CarryMinati,Jalwa,48,277,33.47,66.25,27.93,43.93,48.31,24.39,27.87,45.83,0.0,0.0,55.0,21.95,37.61,58.11,36.79,0.0,95.0,59.17,8.33,4.17,4.17,0.0,14.02,31.25,6.38,22.96,0.6323,0.7886,0.3862,7.0915,0.883
CarryMinati,Trigger,64,392,34.78,88.97,44.6,68.88,52.88,32.79,42.15,28.57,0.0,0.0,63.77,71.96,40.59,65.83,72.04,0.0,96.88,23.28,3.17,0.0,1.59,1.59,20.8,53.97,11.29,38.88,0.5216,0.7205,0.489,7.395,0.8094
CarryMinati,Vardaan,57,375,30.83,91.03,0.0,62.82,22.59,59.26,0.0,5.26,0.0,0.0,69.12,72.87,76.25,74.95,52.36,0.0,80.75,4.97,1.75,0.0,0.0,0.0,17.19,59.65,0.0,33.75,0.5848,0.778,0.4018,6.9258,0.841
CarryMinati,Warrior,78,445,29.42,91.74,45.76,56.69,34.39,33.82,28.99,10.26,0.0,0.0,51.79,48.23,65.51,52.73,51.54,0.0,81.2,42.31,0.0,0.0,5.13,0.0,27.82,62.82,11.69,30.25,0.5685,0.7142,0.4982,6.8189,0.7485
CarryMinati,Yalgaar,60,383,37.37,73.33,51.21,74.51,48.74,8.33,50.0,15.0,0.0,0.0,73.95,82.59,91.72,30.0,78.65,0.0,67.69,25.62,0.0,0.0,3.33,1.67,25.87,38.33,13.56,44.51,0.503,0.6941,0.5269,5.6629,0.8381
CarryMinati,Zindagi,41,230,27.9,56.25,0.0,79.75,46.63,26.67,34.29,20.0,0.0,0.0,57.25,49.52,28.68,49.7,0.0,0.0,50.0,0.0,0.0,0.0,0.0,0.0,7.53,25.0,0.0,49.75,0.6657,0.8336,0.3129,5.28,0.9257
Emiway Bantai,Checkmate,62,308,36.68,90.89,21.88,76.27,16.81,14.49,18.63,4.92,0.0,0.0,47.78,21.99,38.33,50.66,15.15,6.56,61.54,29.51,0.0,3.28,1.64,1.64,54.23,59.02,5.0,46.27,0.5332,0.6409,0.5992,7.2795,0.8044
Emiway Bantai,Chusamba,101,620,27.31,93.4,0.0,72.14,21.9,35.29,0.0,7.92,0.99,0.0,59.0,50.57,81.87,64.52,64.96,26.76,86.86,69.06,0.0,3.96,6.93,1.98,33.59,70.3,0.0,42.14,0.5206,0.7198,0.49,7.4788,0.8232
Emiway Bantai,Company,51,308,40.23,94.77,40.83,51.96,29.56,47.62,0.0,9.8,0.0,0.0,65.69,67.77,89.9,88.7,82.62,0.0,66.15,0.0,0.0,0.0,0.0,0.0,32.47,76.47,10.0,27.55,0.5728,0.7347,0.4694,7.9555,0.8261
Emiway Bantai,Dhyan De,76,333,34.25,86.32,17.5,71.94,28.48,17.54,11.28,15.79,0.0,0.0,37.79,59.19,70.76,43.43,34.85,20.92,89.0,53.95,1.32,0.0,5.26,3.95,28.04,51.32,4.0,41.94,0.5532,0.7164,0.4949,8.089,0.749
Emiway Bantai,Firse Machayenge,64,447,38.26,90.28,27.78,89.37,38.51,53.03,0.0,15.62,0.0,0.0,76.89,43.1,80.09,54.66,49.7,0.0,96.88,32.03,3.12,0.0,3.12,0.0,30.52,56.25,6.35,59.37,0.554,0.7442,0.4537,6.6477,0.8312
Emiway Bantai,Freeverse Feast 2,123,793,33.12,91.69,7.17,82.4,16.02,35.4,0.0,4.88,0.0,0.0,67.02,52.88,76.78,57.24,62.49,3.25,89.67,62.6,0.0,7.32,0.81,4.88,46.02,62.6,1.64,52.4,0.4111,0.6341,0.608,7.0599,0.7847
Emiway Bantai,Giraftaar,130,690,34.57,89.62,13.57,90.15,37.27,50.67,25.14,32.31,0.0,0.0,58.9,80.15,73.26,75.6,67.57,3.08,89.75,25.19,0.0,0.0,2.31,3.08,26.9,54.62,3.1,60.59,0.5319,0.7421,0.4569,7.548,0.7912
Emiway Bantai,GUESS,111,678,29.99,93.13,12.04,73.29,15.19,20.08,0.0,6.36,0.0,0.0,53.52,40.04,71.0,29.47,60.19,0.0,94.14,43.64,5.45,2.73,1.82,2.73,43.85,69.09,2.75,43.29,0.409,0.6286,0.6151,7.964,0.7162
Emiway Bantai,HEAL,90,431,30.24,90.62,54.27,66.99,11.08,24.88,0.0,3.33,0.0,0.0,41.72,49.12,65.27,30.84,29.94,0.0,66.15,0.0,0.0,0.0,0.0,0.0,43.93,57.78,14.61,36.99,0.5905,0.7213,0.4879,7.8444,0.8544
Emiway Bantai,Jallad,230,1242,36.09,48.3,59.61,79.53,24.07,44.09,21.16,13.64,0.0,0.0,58.24,81.45,70.14,54.76,43.16,3.48,57.08,30.8,0.0,1.82,3.18,0.45,17.51,20.45,16.44,49.53,0.6616,0.7731,0.4091,6.4615,0.8498
Emiway Bantai,Khatam Hue Waande,93,577,35.99,91.64,23.78,83.32,13.4,14.93,0.0,5.38,0.0,0.0,62.25,66.51,85.48,61.6,37.35,0.0,65.64,24.73,0.0,3.23,1.08,0.0,31.46,62.37,5.43,53.32,0.5461,0.7241,0.4837,7.21,0.8396
Emiway Bantai,Khatam,117,670,32.96,87.99,15.09,90.24,30.36,34.78,9.94,13.68,0.0,0.0,58.41,63.58,76.9,84.58,72.04,35.41,88.14,26.28,0.85,0.85,2.56,0.85,29.3,52.99,3.45,60.96,0.4714,0.678,0.5495,6.8895,0.7164
Emiway Bantai,King Of Indian Hip Hop,209,1484,35.27,93.7,10.57,85.84,36.21,37.23,9.12,17.31,0.0,0.0,75.74,79.81,88.35,71.84,86.07,1.91,84.17,81.92,3.85,0.48,9.13,3.85,37.62,71.63,2.42,55.84,0.4905,0.6828,0.5428,7.5143,0.7936
Emiway Bantai,MACHAYENGE 4,196,1395,30.45,93.99,0.0,80.79,24.8,30.14,4.56,13.27,0.0,0.0,72.49,56.88,82.37,59.35,67.92,4.08,96.39,61.48,5.1,0.51,5.1,4.08,43.23,72.96,0.0,50.79,0.4746,0.6721,0.5576,7.8112,0.7274
Emiway Bantai,No Brands,126,779,39.84,81.83,14.0,85.1,31.26,35.84,0.0,28.57,0.0,0.0,79.57,82.2,93.37,86.24,55.83,0.0,90.2,26.19,0.0,0.0,3.17,0.0,34.66,46.83,3.2,55.1,0.5464,0.7261,0.4808,7.6367,0.8122
Emiway Bantai,Round One,109,647,30.71,52.64,16.2,89.07,22.55,30.77,0.0,7.34,0.0,0.0,61.76,80.74,72.62,65.11,76.06,3.67,59.71,20.64,0.0,1.83,0.0,2.75,76.08,22.94,3.7,59.07,0.2714,0.5222,0.7397,5.4893,0.8615
EPR,ADR / ABR,96,623,31.69,76.67,27.63,100.0,48.91,79.17,10.71,20.83,0.0,0.0,75.23,81.57,92.81,85.58,85.71,8.33,96.07,34.38,0.0,0.0,4.17,0.0,17.06,41.67,6.32,100.0,0.6365,0.7755,0.4054,6.155,0.8495
EPR,Badluram ka badan,85,382,33.61,86.76,42.92,75.31,11.71,12.35,0.0,4.71,0.0,0.0,53.66,81.73,73.92,64.85,57.88,0.0,81.2,3.58,0.0,0.0,0.0,1.18,28.46,51.76,10.71,45.31,0.5148,0.6886,0.5348,7.766,0.7622
EPR,Ekla Cholo Re,51,256,27.86,83.0,0.0,74.96,7.83,23.81,0.0,2.0,0.0,0.0,58.8,82.07,69.49,61.85,74.86,0.0,94.0,0.0,0.0,0.0,0.0,0.0,16.22,48.0,0.0,44.96,0.5503,0.7244,0.485,8.4544,0.8506
EPR,Fibonacci,138,536,28.68,78.48,0.0,83.74,13.77,8.85,0.0,7.97,0.0,0.0,50.52,82.39,79.5,7.58,72.88,0.0,98.57,23.79,0.0,0.0,0.72,3.62,52.72,43.48,0.0,53.74,0.3177,0.559,0.6992,7.3671,0.5765
EPR,Koi Gham Nahi,46,336,38.99,92.27,29.17,91.22,25.31,34.48,0.0,8.7,0.0,0.0,79.17,69.25,94.16,49.14,85.34,0.0,72.82,22.28,0.0,0.0,4.35,0.0,26.11,65.22,6.67,64.89,0.7389,0.8439,0.2942,6.2561,0.9594
EPR,Q,53,359,29.15,94.02,0.0,90.04,17.22,66.67,0.0,1.92,0.0,0.0,81.03,83.38,90.29,60.62,91.96,0.0,97.92,6.25,0.0,1.92,0.0,0.0,42.2,73.08,0.0,60.17,0.3613,0.6175,0.6309,7.3896,0.7484
EPR,Raastamahn,51,268,28.3,92.59,0.0,79.47,22.67,57.14,0.0,5.88,0.0,0.0,78.64,83.74,78.0,59.17,87.14,15.69,93.0,0.0,0.0,0.0,0.0,0.0,44.62,66.67,0.0,49.47,0.3869,0.6081,0.6428,8.2786,0.7616
EPR,Srini Bana EPR,38,283,29.29,92.19,44.07,100.0,28.12,64.52,0.0,10.81,0.0,0.0,79.49,79.29,100.0,85.16,92.35,30.88,98.33,55.41,0.0,0.0,2.7,8.11,54.8,64.86,11.11,100.0,0.3626,0.6018,0.656,6.9447,0.6782
Hanumankind,Big Dawgs,74,620,24.72,90.39,11.99,86.95,25.46,43.01,0.0,12.16,0.0,0.0,68.38,29.43,93.43,34.7,85.59,54.53,91.4,58.11,1.35,6.76,0.0,4.05,78.11,56.76,2.74,56.95,0.2605,0.4712,0.7911,4.2688,0.4409
Hanumankind,Holiday,53,341,41.97,96.65,45.32,63.55,30.71,0.0,0.0,20.75,0.0,0.0,67.55,73.7,93.37,61.35,30.77,0.0,51.6,37.85,0.0,0.0,5.66,0.0,43.89,84.91,11.54,34.17,0.5511,0.7406,0.4602,7.6129,0.9093
Hanumankind,Run It Up,256,1219,27.37,24.61,22.3,73.31,8.66,6.94,0.0,5.47,0.0,0.0,42.04,80.93,50.58,37.74,24.88,3.12,89.82,14.36,1.17,0.0,1.17,1.17,90.0,8.2,5.1,43.31,0.2606,0.4767,0.7858,5.1232,0.4696
Hanumankind,Taste the Thunder,104,514,30.22,61.3,45.65,68.27,14.24,17.78,0.0,5.77,0.0,0.0,42.55,46.55,67.45,12.5,22.92,0.0,74.87,43.51,0.0,0.0,4.81,1.92,70.14,27.88,11.65,38.27,0.3721,0.5446,0.7154,5.2924,0.6854
JTrix,Banger Pro Max,67,459,28.64,94.1,27.78,75.38,18.2,24.69,0.0,9.38,0.0,0.0,64.92,29.0,61.25,39.63,54.47,23.71,80.6,31.25,4.69,1.56,0.0,1.56,42.47,73.44,6.35,45.38,0.4147,0.6003,0.6504,6.1147,0.7076
JTrix,Blow Up,58,405,33.04,96.49,7.81,96.4,19.4,36.04,0.0,5.26,0.0,0.0,64.64,43.14,90.11,69.29,72.74,7.02,72.31,21.49,0.0,0.0,1.75,3.51,41.77,84.21,1.79,85.62,0.5148,0.6838,0.5419,8.0343,0.8584
JTrix,Bohot Sahi,76,533,32.91,87.63,35.0,70.13,43.54,38.65,0.0,36.84,0.0,0.0,71.68,49.12,74.61,68.32,37.35,5.26,90.0,61.84,2.63,0.0,5.26,6.58,25.16,52.63,8.0,40.13,0.5948,0.7552,0.4369,7.1577,0.8283
JTrix,Ek Tarfa,36,180,39.48,41.67,12.5,60.23,12.36,27.78,0.0,2.78,0.0,0.0,49.14,81.6,27.22,42.63,72.04,0.0,83.0,9.9,0.0,0.0,2.78,0.0,11.39,16.67,2.86,32.27,0.5623,0.7693,0.4199,6.846,0.9203
JTrix,Jazbaat,60,257,35.69,53.33,46.27,37.72,10.74,18.52,0.0,3.33,0.0,0.0,38.33,47.11,60.93,64.64,15.87,0.0,67.69,5.94,0.0,0.0,1.67,0.0,8.42,23.33,11.86,19.41,0.5844,0.7868,0.3874,9.3749,0.9241
JTrix,Kaala,48,387,36.27,90.54,9.51,93.2,41.7,56.74,0.0,25.53,0.0,0.0,81.51,52.3,90.96,83.72,71.59,0.0,89.75,58.16,8.51,0.0,4.26,2.13,34.09,57.45,2.17,72.79,0.4683,0.6604,0.5762,6.9235,0.7269
JTrix,Kalaakaar,72,430,33.88,90.61,0.0,89.19,41.02,29.85,0.0,45.07,0.0,0.0,63.79,67.02,87.74,70.8,74.01,0.0,97.17,46.13,2.82,0.0,4.23,2.82,34.23,57.75,0.0,59.19,0.5151,0.7069,0.5088,7.5359,0.755
JTrix,Khayaal,36,212,28.77,87.78,0.0,72.81,38.67,15.87,0.0,13.89,0.0,0.0,53.89,70.22,55.0,29.22,35.15,0.0,83.0,0.0,0.0,0.0,0.0,0.0,26.09,52.78,0.0,42.81,0.602,0.7733,0.4134,7.287,0.883
JTrix,Kya Scene,51,415,26.84,96.44,0.0,74.45,34.52,49.02,0.0,14.0,0.0,0.0,72.7,15.61,94.75,75.36,58.81,37.5,80.0,69.67,4.0,0.0,0.0,10.0,40.3,84.0,0.0,44.45,0.482,0.7063,0.5114,7.1722,0.8464
JTrix,Mast,77,553,26.9,95.32,29.17,92.71,27.82,20.2,12.99,14.47,0.0,0.0,71.7,20.69,90.41,82.5,71.23,15.79,74.73,64.65,5.26,0.0,5.26,6.58,37.57,78.95,6.67,70.84,0.5075,0.7019,0.5159,6.7329,0.7626
JTrix,Masti Nahi,39,350,34.84,95.44,11.51,93.37,12.31,34.19,0.0,2.56,0.0,0.0,91.15,58.14,96.06,86.03,74.47,0.0,92.75,80.53,2.56,0.0,7.69,7.69,38.05,79.49,2.63,73.49,0.5395,0.728,0.4824,7.2099,0.7866
JTrix,Mera Naam,39,243,36.14,94.87,65.39,59.32,23.99,0.0,0.0,7.69,0.0,0.0,64.36,80.85,83.46,67.79,84.02,0.0,78.97,9.13,0.0,0.0,2.56,0.0,33.72,76.92,18.42,31.76,0.4907,0.7348,0.4722,7.375,0.9454
JTrix,Muskura,72,528,35.21,91.86,6.25,95.17,46.43,61.22,0.0,22.54,0.0,0.0,75.89,60.92,91.63,74.3,70.52,11.27,73.85,17.25,0.0,0.0,1.41,2.82,23.61,63.38,1.43,80.67,0.6105,0.7491,0.4463,6.923,0.8526
JTrix,One and Only,79,493,28.25,93.73,0.0,94.59,35.35,24.69,37.04,8.97,0.0,0.0,62.5,34.97,81.62,55.94,81.88,5.13,77.44,95.33,47.44,0.0,2.56,6.41,35.22,71.79,0.0,78.38,0.4495,0.6484,0.5894,7.597,0.7371
JTrix,Pehchaan,61,439,34.21,90.37,14.83,90.79,28.57,36.23,0.0,13.33,0.0,0.0,65.67,28.24,75.0,84.42,53.21,0.0,76.92,18.33,3.33,0.0,1.67,0.0,20.39,56.67,3.39,63.16,0.587,0.7593,0.4306,6.6448,0.8385
JTrix,Sharaab,62,362,40.49,91.76,35.57,76.92,22.77,8.55,0.0,11.29,0.0,0.0,59.65,54.6,92.07,92.15,47.22,0.0,49.2,32.36,0.0,0.0,4.84,0.0,21.07,62.9,8.2,46.92,0.5873,0.756,0.4357,7.6657,0.885
JTrix,Sort Hai,75,494,35.63,94.29,5.99,71.95,36.83,21.51,0.0,24.32,0.0,0.0,58.78,20.2,91.25,22.42,33.02,5.41,95.17,44.37,0.0,0.0,1.35,6.76,42.03,74.32,1.37,41.95,0.459,0.6527,0.5837,8.0188,0.7588
JTrix,Streets,51,431,36.64,96.89,8.93,87.01,43.15,80.0,0.0,20.0,0.0,0.0,82.5,42.77,96.72,87.23,85.87,0.0,95.5,53.0,6.0,0.0,2.0,6.0,39.78,86.0,2.04,57.01,0.455,0.6659,0.568,7.8449,0.7365
JTrix,Tehelka,82,458,26.91,91.94,5.54,79.54,20.99,38.46,0.0,10.0,0.0,0.0,46.33,31.49,78.97,56.31,79.97,4.94,96.25,43.54,0.0,0.0,2.5,6.25,40.59,63.75,1.27,49.54,0.4461,0.6606,0.5731,8.5419,0.7281
JTrix,Zindagi,41,230,27.9,56.25,0.0,79.75,46.63,26.67,34.29,20.0,0.0,0.0,57.25,49.52,28.68,49.7,0.0,0.0,50.0,0.0,0.0,0.0,0.0,0.0,7.53,25.0,0.0,49.75,0.6657,0.8336,0.3129,5.28,0.9257
Karma,Airplane Mode,97,627,30.77,90.61,4.56,78.49,7.56,27.49,0.0,1.03,0.0,0.0,56.7,35.56,70.27,19.74,49.27,0.0,90.29,57.88,6.19,2.06,4.12,5.15,61.33,57.73,1.04,48.49,0.4101,0.6076,0.6415,6.0144,0.7455
Karma,Baba Yaga,94,441,25.85,93.85,14.11,68.77,22.05,44.44,14.29,3.19,0.0,0.0,43.49,8.82,71.44,0.0,11.49,4.26,79.38,58.78,4.26,0.0,5.32,3.19,53.71,72.34,3.23,38.77,0.4446,0.6659,0.566,7.6248,0.7875
Karma,Basic Bars 2,50,327,25.27,92.44,0.0,78.27,23.05,60.0,0.0,8.0,0.0,0.0,60.61,39.21,76.25,58.11,46.27,0.0,97.78,53.0,4.0,0.0,4.0,6.0,34.03,66.0,0.0,48.27,0.5555,0.716,0.4974,7.3468,0.7832
Karma,Basic Bars,50,327,25.27,92.44,0.0,78.27,23.05,60.0,0.0,8.0,0.0,0.0,60.61,39.21,76.25,58.11,46.27,0.0,97.78,53.0,4.0,0.0,4.0,6.0,34.03,66.0,0.0,48.27,0.5555,0.716,0.4974,7.3468,0.7832
Karma,Beat Do,105,524,24.47,84.52,12.62,64.88,17.44,53.5,0.0,3.81,0.0,0.0,42.22,37.68,68.94,61.6,9.95,0.0,82.5,40.95,0.95,0.0,3.81,3.81,35.31,49.52,2.88,34.93,0.4764,0.679,0.5481,8.9755,0.7813
Karma,Best Nai,73,491,34.54,93.61,12.15,77.59,37.27,37.63,13.82,19.18,0.0,0.0,66.58,32.17,79.03,58.36,41.86,0.0,90.8,56.16,0.0,4.11,5.48,1.37,32.61,71.23,2.78,47.59,0.5255,0.6864,0.5378,7.3688,0.7863
Karma,Catchy Hook,115,658,30.91,90.14,26.86,73.72,17.62,18.73,9.63,6.09,0.0,0.0,49.12,42.53,57.43,39.49,28.02,3.48,66.81,26.74,0.0,0.0,2.61,2.61,53.62,55.65,6.14,43.72,0.4114,0.6288,0.6148,6.5768,0.7274
Karma,COMPLICATED,64,432,23.42,96.47,28.23,75.08,28.21,38.76,19.93,4.76,0.0,0.0,62.54,20.0,75.33,40.19,78.1,0.0,78.97,16.27,0.0,0.0,3.17,0.0,50.33,84.13,6.45,45.08,0.4611,0.685,0.5398,8.5616,0.8212
Karma,Fate,78,456,30.05,85.0,34.09,74.23,26.92,22.99,0.0,12.82,0.0,0.0,54.0,39.41,78.33,59.29,11.9,0.0,92.0,9.13,0.0,0.0,1.28,1.28,29.32,50.0,7.79,44.23,0.5169,0.7023,0.5153,7.462,0.8195
Karma,Fearless,34,254,46.16,98.69,26.52,47.8,65.77,92.59,47.62,11.76,0.0,0.0,80.81,81.38,65.59,35.35,69.31,0.0,44.67,8.95,0.0,0.0,0.0,2.94,34.22,94.12,6.06,25.17,0.6321,0.7961,0.3773,7.6613,0.9376
Karma,Gangster,62,373,29.84,88.23,0.0,91.21,21.13,48.61,17.86,3.23,0.0,0.0,62.88,34.57,66.19,77.09,57.52,0.0,76.92,65.89,6.45,0.0,3.23,8.06,45.81,53.23,0.0,64.83,0.4887,0.6379,0.6031,6.7421,0.8145
Karma,Godzilla,105,686,31.87,92.59,12.62,84.45,26.01,43.01,0.0,9.52,0.0,0.0,69.18,72.26,74.08,46.16,73.89,0.0,87.71,78.57,2.86,0.0,8.57,2.86,43.97,66.67,2.88,54.45,0.5839,0.752,0.4419,6.8724,0.8222
Karma,Google Pay,102,726,26.95,94.5,13.12,87.2,17.62,61.22,0.0,2.97,0.0,0.0,64.14,26.09,82.11,45.15,62.78,3.92,94.25,74.43,8.91,2.97,5.94,5.94,56.17,75.25,3.0,57.2,0.4076,0.6154,0.6319,6.8256,0.6649
Karma,I GET IT,102,427,26.68,80.1,25.99,50.7,7.99,13.75,0.0,2.94,0.0,0.0,27.95,37.65,66.43,28.48,25.62,0.0,92.0,57.53,7.84,0.0,3.92,4.9,47.56,45.1,5.94,26.83,0.4438,0.6197,0.6265,8.1906,0.6743
Karma,Lena Mera Naam,26,161,38.34,88.85,70.0,52.32,17.8,35.09,0.0,3.85,0.0,0.0,59.23,50.45,70.0,0.0,55.83,0.0,80.0,13.7,0.0,0.0,3.85,0.0,23.68,53.85,20.0,27.75,0.5613,0.7728,0.419,6.6662,0.9369
Karma,Lessons,67,525,24.94,92.7,6.63,86.42,14.46,44.87,0.0,1.49,0.0,0.0,69.1,23.81,70.0,34.35,84.65,0.0,95.0,45.9,0.0,2.99,4.48,1.49,56.35,67.16,1.52,56.42,0.3919,0.6172,0.6296,5.6613,0.7718
Karma,Mere Bhai Log,58,434,31.71,92.34,47.49,84.78,35.24,100.0,0.0,10.34,0.0,0.0,73.35,48.03,78.64,87.54,86.29,0.0,86.75,46.12,0.0,0.0,5.17,1.72,25.82,65.52,12.28,54.78,0.6033,0.7416,0.4579,6.2341,0.8182
Karma,No Bro,63,329,26.79,92.59,49.3,68.17,15.28,0.0,25.97,3.17,0.0,0.0,43.17,10.96,35.0,30.0,11.9,0.0,73.85,24.4,1.59,0.0,3.17,0.0,33.94,66.67,12.9,38.17,0.4549,0.6529,0.5834,7.5877,0.8014
Karma,Online,53,407,41.62,95.39,8.41,93.01,45.47,100.0,54.71,22.64,0.0,0.0,86.04,40.61,100.0,91.73,97.17,0.0,94.14,86.37,0.0,0.0,20.75,1.89,30.0,79.25,1.92,72.05,0.4431,0.6956,0.526,7.5838,0.8382
Karma,Pomfret Fry,102,566,25.75,86.96,13.0,69.86,8.75,14.34,0.0,3.92,0.0,0.0,41.8,23.16,65.74,8.62,35.15,3.92,96.17,24.02,1.96,0.98,1.96,0.98,56.1,51.96,2.97,39.86,0.3322,0.5723,0.6839,6.7295,0.6683
Karma,SAARI SAARI RAAT,16,115,48.26,98.61,70.0,90.81,27.12,22.22,0.0,18.75,0.0,0.0,79.38,80.44,95.16,90.77,57.22,60.62,34.0,0.0,0.0,0.0,0.0,0.0,28.57,93.75,20.0,63.26,0.6328,0.7691,0.4356,7.5844,0.9134
Karma,SUCCESS,59,388,29.85,94.73,7.54,88.62,20.5,30.3,0.0,8.47,0.0,0.0,60.17,24.59,82.29,44.71,54.08,6.78,78.46,55.51,0.0,0.0,5.08,6.78,42.15,76.27,1.72,58.62,0.4704,0.6673,0.5643,7.3758,0.7889
Karma,Take Diss,86,497,34.52,87.33,25.74,79.77,34.68,27.45,16.81,19.77,0.0,0.0,53.86,40.71,79.38,40.77,35.62,0.0,87.2,42.73,0.0,2.33,3.49,4.65,33.57,52.33,5.88,49.77,0.523,0.6833,0.5422,7.7977,0.738
Karma,Tera Hua,21,124,43.14,45.83,0.0,70.02,28.98,100.0,0.0,4.76,0.0,0.0,64.76,81.07,57.94,0.0,0.0,0.0,28.7,0.0,0.0,0.0,0.0,0.0,10.87,19.05,0.0,40.02,0.5775,0.7589,0.4452,4.878,0.9198
Karma,The Game Is On,64,409,23.81,94.1,6.94,68.65,10.79,28.74,0.0,3.12,0.0,0.0,51.72,21.52,43.1,52.73,55.41,0.0,91.25,11.13,0.0,1.56,1.56,0.0,53.64,73.44,1.59,38.65,0.3848,0.6489,0.5887,7.5282,0.7563
Karma,Tony Montana,80,487,30.04,75.51,5.61,73.42,15.39,27.32,0.0,5.06,0.0,0.0,52.82,59.05,58.29,18.18,62.27,15.0,92.0,59.49,1.27,2.53,2.53,7.59,56.92,40.51,1.28,43.42,0.383,0.6032,0.647,7.6964,0.715
Karma,Zaruri Nahi,96,545,30.53,93.52,39.3,70.26,35.8,39.01,0.0,22.92,0.0,0.0,52.77,57.41,70.53,85.1,58.21,0.0,92.0,60.9,8.33,2.08,3.12,5.21,41.41,70.83,9.47,40.26,0.5142,0.6892,0.5339,7.3358,0.7844
King,90s,82,519,32.66,77.68,58.48,70.59,29.49,15.15,0.0,10.98,0.0,0.0,63.83,56.79,75.99,85.49,30.56,0.0,72.62,32.62,0.0,0.0,3.66,1.22,30.25,42.68,16.05,40.59,0.5784,0.6832,0.5422,7.0412,0.8727
King,Baazi,95,886,43.76,87.63,89.36,100.0,21.79,53.57,0.0,11.58,0.0,0.0,89.0,49.18,90.07,41.36,88.01,4.21,50.44,21.58,0.0,1.05,2.11,1.05,63.05,52.63,39.36,100.0,0.638,0.6081,0.6409,6.195,0.8623
King,Desi Dan Bilzerian,71,567,34.76,93.74,0.0,70.79,30.01,47.62,0.0,14.08,0.0,0.0,82.46,66.17,93.57,88.13,86.22,0.0,96.07,48.94,7.04,0.0,4.23,0.0,21.81,71.83,0.0,40.79,0.5689,0.7538,0.4391,7.6755,0.8132
King,Dracula,49,328,31.41,86.02,60.28,86.74,34.08,52.08,0.0,12.24,0.0,0.0,72.66,51.57,70.0,86.73,47.22,0.0,73.85,82.81,8.16,0.0,10.2,0.0,18.05,51.02,16.67,56.74,0.624,0.789,0.3855,6.9438,0.8909
King,EKTARFA,58,473,36.73,90.8,42.37,65.9,41.43,63.22,0.0,55.17,0.0,0.0,85.26,62.85,65.69,78.04,36.11,0.0,96.88,60.34,0.0,1.72,6.9,0.0,20.25,58.62,10.53,35.9,0.7012,0.8277,0.3204,6.5725,0.8771
King,GOAT SHIT,206,1253,33.46,69.47,29.88,80.63,20.79,28.19,4.26,9.71,0.0,0.0,69.05,73.73,91.82,68.0,49.75,5.83,91.81,68.47,6.8,0.49,5.83,4.37,47.38,34.47,6.83,50.63,0.4486,0.6452,0.5936,7.0212,0.7288
King,IICONIC,82,477,24.97,86.22,0.0,79.1,7.43,31.53,0.0,0.0,0.0,0.0,52.53,42.4,70.0,52.73,61.79,0.0,94.4,14.94,0.0,0.0,1.22,2.44,32.03,51.22,0.0,49.1,0.5779,0.741,0.4586,7.0513,0.8205
King,KODAK,272,2028,28.67,74.34,11.3,86.3,29.39,35.54,0.0,21.32,0.0,0.0,75.52,61.07,82.22,66.79,68.33,11.76,96.43,36.12,1.84,0.0,3.31,2.57,37.56,39.34,2.58,56.3,0.4916,0.6638,0.5688,6.5497,0.7719
King,Let The Eyes Talk,52,325,31.99,65.77,17.16,72.99,14.89,10.75,0.0,5.77,0.0,0.0,62.31,38.56,52.73,35.35,19.61,0.0,66.15,6.85,0.0,0.0,1.92,0.0,14.09,30.77,3.92,42.99,0.6327,0.8056,0.358,6.823,0.9233
King,Maan Meri Jaan,30,206,40.32,81.67,30.17,73.37,27.65,16.67,0.0,10.0,0.0,0.0,71.25,77.92,35.0,19.23,79.87,0.0,61.54,0.0,0.0,0.0,0.0,0.0,19.79,46.67,6.9,43.37,0.598,0.7868,0.394,6.5539,0.9047
King,No Loss,54,381,35.39,93.0,33.02,73.28,37.02,30.3,0.0,27.78,0.0,0.0,73.25,54.78,80.85,87.33,84.02,0.0,94.25,12.04,0.0,1.85,0.0,1.85,31.9,68.52,7.55,43.28,0.5432,0.7263,0.4814,6.8834,0.807
King,OOPS,73,438,34.13,92.39,48.12,85.21,21.16,19.61,0.0,9.59,0.0,0.0,70.0,24.55,51.88,29.6,28.8,0.0,75.38,4.88,0.0,0.0,1.37,0.0,36.4,65.75,12.5,55.21,0.5595,0.7392,0.4612,6.6311,0.85
King,Pablo,39,241,43.68,94.74,0.0,53.08,33.01,14.49,0.0,18.42,0.0,0.0,67.57,18.09,79.21,77.09,87.84,0.0,48.0,9.38,0.0,0.0,2.63,0.0,26.87,76.32,0.0,28.19,0.4871,0.7288,0.4815,8.2046,0.9006
King,Picasso,66,352,27.85,75.91,0.0,72.71,9.95,29.63,0.0,1.52,0.0,0.0,46.92,35.46,83.6,47.05,71.46,0.0,85.0,40.53,0.0,0.0,4.55,1.52,31.31,40.91,0.0,42.71,0.555,0.7359,0.4663,8.1094,0.8615
King,Sinner,72,410,30.99,85.0,6.16,81.81,21.57,21.74,0.0,8.33,0.0,0.0,55.67,51.26,40.82,61.85,25.24,0.0,73.08,9.9,0.0,1.39,1.39,0.0,34.19,50.0,1.41,51.81,0.5485,0.7606,0.4286,7.1374,0.8341
King,TERE HO KE,118,823,34.24,61.44,36.6,68.85,28.26,31.91,9.12,14.41,0.0,0.0,74.39,65.74,85.87,85.66,62.51,0.0,78.97,75.42,3.39,0.0,9.32,0.0,34.86,27.97,8.55,38.85,0.6691,0.781,0.3966,6.3429,0.858
King,Tu Aake Dekhle,73,337,33.69,76.1,12.15,79.94,20.87,8.13,0.0,8.22,0.0,0.0,46.46,55.51,28.81,65.83,0.0,0.0,72.31,4.17,0.0,0.0,0.0,1.37,25.85,41.1,2.78,49.94,0.5311,0.7227,0.4858,7.5342,0.852
King,WARCRY,107,764,35.36,86.92,4.25,72.84,42.69,53.33,8.57,23.08,0.0,0.0,76.42,80.52,82.25,71.26,64.96,0.0,95.24,57.45,0.96,0.0,6.73,0.0,18.48,51.92,0.97,42.84,0.626,0.7875,0.3863,6.1988,0.8496
KR$NA,Been A While,85,663,31.57,94.23,5.76,79.0,15.05,34.83,0.0,5.19,0.0,0.0,77.3,61.52,72.33,62.5,58.81,14.29,96.25,65.12,5.19,0.0,5.19,7.79,50.43,74.03,1.32,49.0,0.3777,0.6086,0.6403,6.6009,0.6775
KR$NA,Blowing Up,103,825,28.82,91.07,17.33,79.15,42.21,89.74,21.98,11.76,0.0,0.0,86.26,80.24,91.13,57.24,44.42,7.84,85.25,87.92,3.92,7.84,8.82,3.92,85.79,59.8,3.96,49.15,0.3649,0.571,0.6854,5.1432,0.6195
KR$NA,Hello,71,451,28.53,90.16,41.26,92.21,18.18,52.63,0.0,4.29,0.0,0.0,70.89,80.24,70.76,25.28,37.68,5.71,86.75,65.12,7.14,2.86,4.29,7.14,80.71,55.71,10.14,68.83,0.2958,0.5111,0.7513,6.5031,0.5681
KR$NA,Hola Amigo,134,968,25.43,93.53,9.87,77.16,43.46,48.02,21.79,20.15,0.0,0.0,65.15,40.45,90.38,60.71,62.07,39.07,96.33,53.36,4.48,0.0,4.48,3.73,41.34,70.9,2.26,47.16,0.4544,0.6735,0.5556,6.0288,0.7512
KR$NA,I Guess,101,670,27.62,92.52,4.38,73.31,46.57,27.78,19.84,24.75,0.99,0.0,51.68,39.33,71.74,28.21,44.15,0.0,82.5,79.21,1.98,1.98,7.92,2.97,55.69,66.34,1.0,43.31,0.2981,0.5885,0.6647,6.6158,0.7821
KR$NA,Joota Japani,72,424,35.4,93.21,6.16,83.41,42.01,64.33,15.04,13.89,0.0,0.0,59.71,77.83,71.39,40.19,63.74,5.56,90.8,60.32,8.33,0.0,4.17,5.56,40.0,69.44,1.41,53.41,0.4219,0.6414,0.5985,7.5093,0.7422
KR$NA,Kaha Tak,96,599,30.08,80.83,0.0,67.22,8.67,30.3,0.0,0.0,0.0,0.0,52.5,25.62,53.39,29.22,69.48,0.0,83.0,25.52,0.0,2.08,2.08,2.08,52.67,45.83,0.0,37.22,0.4448,0.6796,0.5472,6.7186,0.8365
KR$NA,Khatta Flow,74,581,30.44,84.32,12.15,82.02,42.98,100.0,34.48,6.85,0.0,0.0,88.89,71.42,94.85,89.1,89.88,0.0,96.77,89.19,5.48,5.48,12.33,2.74,80.65,49.32,2.78,52.02,0.3206,0.5462,0.7135,6.4582,0.5571
KR$NA,Knock Knock,63,315,43.85,97.88,44.6,62.08,51.17,76.92,32.97,9.52,0.0,0.0,48.2,80.12,45.0,41.36,58.81,0.0,35.0,24.4,0.0,0.0,3.17,1.59,31.98,90.48,11.29,33.33,0.4842,0.7326,0.4712,7.0821,0.991
KR$NA,Lil Bunty,84,622,31.21,90.36,5.34,79.86,26.43,52.21,20.65,6.02,0.0,0.0,84.15,80.47,83.27,82.5,61.67,14.46,96.07,85.57,3.61,2.41,10.84,4.82,82.93,56.63,1.22,49.86,0.3603,0.5846,0.6694,5.8737,0.5619
KR$NA,Machayenge 4,196,1395,30.45,93.99,0.0,80.79,24.8,30.14,4.56,13.27,0.0,0.0,72.49,56.88,82.37,59.35,67.92,4.08,96.39,61.48,5.1,0.51,5.1,4.08,43.23,72.96,0.0,50.79,0.4746,0.6721,0.5576,7.8112,0.7274
KR$NA,MAHARANI,175,674,28.33,71.57,2.51,52.15,16.18,9.69,0.0,11.43,0.0,0.0,29.25,44.59,17.91,62.5,14.81,4.57,96.43,23.33,1.71,0.0,1.14,2.86,29.56,36.57,0.57,27.66,0.4379,0.6766,0.5514,7.278,0.7687
KR$NA,Makasam,154,1104,34.88,81.41,8.63,77.72,36.08,57.08,0.0,19.61,0.0,0.0,86.51,81.17,90.02,84.63,71.64,2.61,95.06,83.3,3.92,1.31,9.15,4.58,82.67,46.41,1.97,47.72,0.345,0.5581,0.7002,6.005,0.5684
KR$NA,Muqabla,86,701,34.16,97.12,75.0,95.61,30.02,100.0,0.0,4.71,0.0,0.0,84.56,74.19,93.6,90.05,95.2,0.0,90.71,74.36,11.76,0.0,5.88,3.53,31.07,87.06,25.0,82.43,0.6322,0.7362,0.4658,6.9434,0.9003
KR$NA,NGL,108,836,28.37,85.93,24.53,90.27,23.71,81.48,0.0,4.63,0.0,0.0,68.6,28.38,83.24,70.87,73.76,0.0,95.62,67.65,4.63,0.93,5.56,7.41,47.97,50.93,5.61,61.08,0.4287,0.609,0.6397,6.0462,0.7175
KR$NA,No Cap,102,685,33.94,93.25,0.0,66.44,43.19,33.76,25.32,19.61,0.0,0.0,64.51,62.54,70.98,58.36,69.48,0.0,87.71,91.19,16.67,0.0,3.92,7.84,62.31,69.61,0.0,36.44,0.3965,0.5779,0.6774,8.289,0.7335
KR$NA,OG,83,647,28.31,92.77,5.34,79.55,13.36,24.69,0.0,3.61,0.0,0.0,66.83,20.69,78.33,39.63,47.88,0.0,91.0,40.16,4.82,2.41,2.41,2.41,50.16,67.47,1.22,49.55,0.4047,0.6314,0.6116,6.1467,0.7879
KR$NA,Prarthana,91,704,32.52,93.41,9.72,77.79,41.3,51.64,0.0,20.88,0.0,0.0,79.17,60.99,70.28,70.87,66.01,40.96,95.24,58.52,1.1,1.1,5.49,4.4,42.26,70.33,2.22,47.79,0.4875,0.6928,0.5289,6.2645,0.8202
KR$NA,Roll Up,73,434,32.29,82.89,0.0,86.84,39.65,74.07,0.0,12.68,0.0,0.0,71.76,74.64,86.38,87.08,65.0,5.56,86.6,62.1,8.45,0.0,2.82,7.04,85.58,47.89,0.0,56.84,0.3021,0.5337,0.7273,7.4213,0.6502
KR$NA,Saath Ya Khilaaf,85,603,32.64,74.29,15.81,90.54,45.24,100.0,0.0,14.29,0.0,0.0,77.5,81.3,80.81,76.47,85.59,0.0,90.5,56.19,5.95,1.19,3.57,5.95,80.85,39.29,3.61,62.18,0.366,0.5608,0.6972,6.2765,0.5373
KR$NA,Say My Name (English Version),82,661,30.66,76.46,36.87,78.35,16.52,33.33,0.0,6.1,0.0,0.0,71.28,57.63,77.91,55.94,79.27,9.76,95.83,75.43,10.98,6.1,2.44,6.1,85.67,41.46,8.64,48.35,0.282,0.5011,0.7616,5.1448,0.464
KR$NA,Saza E Maut,82,585,30.69,83.15,10.94,93.01,46.3,83.33,19.05,12.35,0.0,0.0,71.17,65.06,82.86,48.33,85.14,32.75,90.0,84.99,3.7,0.0,8.64,8.64,81.54,48.15,2.5,72.03,0.3644,0.5723,0.6839,5.6719,0.6133
KR$NA,Seedha Makeover,84,603,32.81,91.7,10.67,92.82,38.13,67.51,10.85,12.05,0.0,0.0,74.91,61.5,76.65,81.75,87.53,0.0,92.43,63.68,4.82,2.41,4.82,7.23,45.63,62.65,2.44,71.28,0.4854,0.6771,0.5507,7.4059,0.7463
KR$NA,Sensitive,170,1217,34.27,66.76,59.99,83.63,35.48,23.98,0.0,21.18,0.0,0.0,76.74,71.4,92.73,71.63,56.74,0.0,88.79,58.09,0.0,1.18,6.47,1.18,42.7,31.76,16.57,53.63,0.5039,0.6345,0.6076,6.7709,0.7427
KR$NA,Shut Up,80,653,32.87,90.72,28.04,82.74,47.73,100.0,12.24,16.46,0.0,0.0,88.33,80.27,92.04,87.04,66.96,37.94,97.02,88.6,7.59,2.53,10.13,5.06,83.1,58.23,6.41,52.74,0.2818,0.5231,0.7387,5.5945,0.4956
KR$NA,Some Of Us,81,747,32.28,78.75,22.15,75.94,57.34,98.96,31.25,25.0,0.0,0.0,90.69,80.18,90.78,72.5,87.43,0.0,97.92,56.25,1.25,2.5,5.0,3.75,92.41,43.75,5.06,45.94,0.291,0.486,0.7767,5.3486,0.4867
KR$NA,Still Standing,57,533,32.45,94.84,7.95,89.52,47.78,100.0,0.0,12.5,0.0,0.0,95.0,77.85,98.52,84.32,86.75,21.25,89.5,93.3,8.93,19.64,5.36,3.57,77.16,76.79,1.82,59.52,0.2432,0.5242,0.7384,4.8494,0.6869
KR$NA,Untitled,75,518,33.45,94.37,29.56,72.85,37.76,50.23,0.0,21.33,0.0,0.0,73.7,35.4,87.47,83.99,48.96,5.33,90.0,86.39,14.67,2.67,2.67,4.0,33.43,74.67,6.76,42.85,0.568,0.714,0.4986,6.8456,0.7681
KR$NA,Vibrate,163,987,35.28,70.58,0.0,67.42,29.16,15.29,26.21,9.2,0.0,0.0,63.56,80.16,77.19,27.44,56.13,2.45,96.18,59.71,9.82,0.0,1.84,1.84,60.36,35.58,0.0,37.42,0.3446,0.5474,0.7122,7.1796,0.6726
KR$NA,Villain,86,573,29.64,91.11,5.21,75.05,34.08,58.48,0.0,10.59,0.0,0.0,74.82,55.14,77.14,30.0,56.43,0.0,85.57,93.19,18.82,5.88,9.41,2.35,70.59,60.0,1.19,45.05,0.3249,0.5584,0.6999,6.3263,0.6594
KR$NA,Vyanjan,117,556,30.85,18.1,3.8,95.07,40.76,91.95,7.39,16.38,0.0,0.0,95.0,87.7,100.0,94.23,98.03,0.0,97.81,84.74,0.0,0.0,19.83,0.86,77.78,6.03,0.87,80.26,0.4017,0.5886,0.6646,4.947,0.5879
KR$NA,Wanna Know,75,607,26.69,90.69,11.99,83.88,55.48,100.0,35.09,14.86,0.0,0.0,81.05,55.58,80.14,81.72,86.27,0.0,93.5,93.34,12.16,13.51,8.11,4.05,90.38,58.11,2.74,53.88,0.282,0.5057,0.7568,5.1561,0.4945
KR$NA,Whats Up,70,519,27.19,90.43,20.51,78.93,20.51,47.62,0.0,3.08,0.0,0.0,69.34,34.66,66.31,0.0,0.0,0.0,66.15,81.6,1.54,15.38,0.0,0.0,88.81,56.92,4.69,48.93,0.3442,0.6038,0.6462,3.8879,0.8578
Lil Bhatia,Maar Kaat,35,239,30.98,67.35,0.0,93.55,52.91,68.63,25.21,32.35,0.0,0.0,84.3,80.63,93.98,60.28,86.51,0.0,97.22,87.11,0.0,2.94,20.59,0.0,72.0,32.35,0.0,74.19,0.3465,0.6076,0.65,6.8145,0.6135
Lil Bhatia,Peace of Mind,103,656,33.82,90.41,54.98,72.59,35.2,43.48,0.0,19.61,0.0,0.0,75.48,81.04,74.21,59.77,70.35,3.92,83.75,58.33,1.96,0.0,5.88,2.94,94.39,56.86,14.85,42.59,0.4197,0.5463,0.7135,6.4287,0.6216
Lil Bhatia,Taakat,91,566,27.03,72.78,19.66,80.77,33.03,63.93,0.0,12.22,0.0,0.0,65.67,80.15,79.3,85.7,72.56,4.44,97.22,76.67,0.0,0.0,8.89,4.44,81.08,37.78,4.49,50.77,0.3318,0.5411,0.7192,6.1764,0.6034
Muhfaad,Abe Chodna,85,440,38.23,94.44,46.81,100.0,28.34,100.0,0.0,1.19,0.0,0.0,74.79,52.09,84.76,87.94,84.24,14.29,79.38,0.0,0.0,0.0,0.0,0.0,32.09,75.0,12.05,100.0,0.5912,0.7667,0.4191,8.352,0.9848
Muhfaad,Adayein,58,363,41.04,95.4,15.35,75.62,44.44,31.01,19.93,20.69,0.0,0.0,69.48,81.02,74.31,63.06,37.14,0.0,76.92,38.79,1.72,1.72,3.45,1.72,35.77,79.31,3.51,45.62,0.6271,0.7727,0.41,5.7652,0.8784
Muhfaad,Aelaan,146,961,34.24,92.03,6.08,70.63,30.54,37.04,6.35,15.86,0.0,0.0,68.19,61.82,73.47,59.17,62.16,2.74,91.73,46.55,2.07,1.38,4.14,2.76,26.19,64.14,1.39,40.63,0.5342,0.7332,0.4703,6.8805,0.801
Muhfaad,Ambaran,71,398,33.26,76.18,6.53,99.19,27.64,40.4,0.0,7.35,0.0,0.0,58.06,73.77,85.35,56.5,75.0,5.71,66.46,15.72,0.0,1.47,1.47,1.47,30.97,41.18,1.49,96.75,0.488,0.7137,0.4989,7.7286,0.9121
Muhfaad,BackFlip,56,454,31.57,95.63,7.95,64.33,30.59,46.3,0.0,10.71,0.0,0.0,83.79,54.3,92.37,70.68,80.45,0.0,72.0,6.36,0.0,0.0,1.79,0.0,31.45,80.36,1.82,34.61,0.6302,0.793,0.3779,7.1448,0.8917
Muhfaad,Bakri (GOAT),83,594,32.84,92.68,0.0,90.66,36.25,65.66,12.99,10.98,0.0,0.0,74.57,45.32,81.59,88.27,85.95,0.0,95.0,81.73,3.66,0.0,9.76,3.66,31.18,67.07,0.0,62.63,0.5398,0.7304,0.4744,7.7994,0.8373
Muhfaad,Bhoot Banega,225,1558,33.17,94.57,3.91,73.64,19.52,26.36,0.0,9.78,0.0,0.0,71.81,66.83,81.43,52.73,61.27,1.78,96.34,46.44,0.89,1.33,4.44,2.67,37.57,75.56,0.89,43.64,0.469,0.6705,0.5598,6.7307,0.7841
Muhfaad,Duniya Chutiya,48,288,41.72,90.28,0.0,75.36,43.92,63.06,0.0,16.67,0.0,0.0,63.83,81.36,80.87,50.27,66.53,0.0,90.0,21.35,0.0,0.0,4.17,0.0,23.87,56.25,0.0,45.36,0.7201,0.8349,0.3094,5.3984,0.9029
Muhfaad,Ego Friendly,94,498,27.54,94.98,0.0,71.56,7.99,9.95,0.0,1.08,0.0,0.0,51.54,45.62,89.94,25.99,58.53,0.0,81.29,44.09,2.15,0.0,4.3,2.15,48.46,77.42,0.0,41.56,0.4448,0.6743,0.5545,8.2435,0.7466
Muhfaad,Glitch,85,454,32.06,45.44,88.1,62.72,17.8,17.54,0.0,7.06,0.0,0.0,37.35,36.75,17.65,61.35,60.64,0.0,75.9,50.59,0.0,4.71,4.71,1.18,68.95,18.82,38.1,33.7,0.489,0.5886,0.6647,5.3306,0.8424
Muhfaad,Happy Diwala Ravan,86,509,36.27,93.28,15.44,90.32,42.5,48.89,0.0,26.74,0.0,0.0,69.49,71.04,81.88,37.58,64.1,4.65,95.97,23.84,0.0,0.0,2.33,2.33,43.38,69.77,3.53,61.26,0.4719,0.6763,0.5519,7.2007,0.7844
Muhfaad,Har Har Gange,75,501,37.75,93.48,35.32,96.71,45.36,52.29,0.0,34.67,0.0,0.0,65.89,79.53,94.2,73.18,86.92,39.83,74.36,0.0,0.0,0.0,0.0,0.0,42.86,70.67,8.11,86.84,0.5109,0.708,0.5071,7.165,0.8301
Muhfaad,Instagram Live,155,1177,36.95,95.13,2.84,68.91,26.11,30.11,5.53,16.13,0.0,0.0,82.44,63.53,81.45,71.54,72.67,0.0,97.18,45.0,1.94,0.0,4.52,1.94,33.72,78.06,0.65,38.91,0.5313,0.7021,0.5157,6.0975,0.7782
Muhfaad,Jaldi Aao,97,629,30.47,86.55,0.0,100.0,42.51,34.83,0.0,34.02,0.0,0.0,68.95,72.25,72.71,75.65,45.62,0.0,93.5,12.63,0.0,0.0,1.03,2.06,27.91,51.55,0.0,100.0,0.5264,0.7263,0.4805,5.7174,0.8321
Muhfaad,KALI ZUBAN,64,490,30.88,95.14,0.0,64.26,23.83,45.45,0.0,7.81,0.0,0.0,81.72,80.01,90.27,77.03,86.61,0.0,94.5,59.82,4.69,1.56,4.69,4.69,33.22,78.12,0.0,34.58,0.4302,0.6697,0.5608,6.9902,0.8197
Muhfaad,Maa Kasam,49,350,35.9,90.02,81.25,83.45,38.74,46.3,0.0,18.37,0.0,0.0,78.83,67.5,76.52,93.71,85.39,0.0,80.75,41.84,0.0,0.0,4.08,4.08,26.61,55.1,31.25,53.45,0.5565,0.7105,0.5055,7.1026,0.8534
Muhfaad,Moksh,113,694,32.18,91.47,7.88,77.35,34.57,24.24,15.58,17.86,0.0,0.0,60.27,76.26,76.02,66.98,53.03,7.08,96.88,18.3,0.89,0.0,1.79,0.89,34.05,61.61,1.8,47.35,0.5162,0.7188,0.4915,7.7917,0.7702
Muhfaad,Nateejay,130,908,35.84,51.84,0.0,94.27,45.84,90.44,6.64,19.38,0.0,0.0,82.19,80.66,91.94,88.99,80.87,0.0,98.33,74.81,0.78,0.78,8.53,2.33,80.33,22.48,0.0,77.07,0.3596,0.583,0.6713,5.4594,0.6098
Muhfaad,Sach Too Much Hai,113,669,30.0,92.92,3.91,63.78,28.39,32.45,22.76,7.96,0.0,0.0,54.82,48.53,72.52,39.09,51.54,14.16,97.62,28.98,0.0,0.0,2.65,3.54,41.06,68.14,0.89,34.3,0.5417,0.7294,0.4759,7.3729,0.7931
Muhfaad,Sare Karo Dab,98,484,35.67,12.37,63.32,80.05,15.04,39.8,0.0,3.09,0.0,0.0,59.34,81.1,90.24,50.86,50.95,0.0,73.85,42.53,0.0,0.0,5.15,0.0,86.67,4.12,17.71,50.05,0.6194,0.7431,0.4555,8.2995,0.9036
Naam Sujal,Blind Spot,65,467,31.75,92.71,13.89,72.27,26.91,31.25,0.0,15.62,0.0,0.0,77.85,60.0,84.06,85.38,62.78,0.0,97.33,24.02,0.0,0.0,3.12,1.56,26.1,67.19,3.17,42.27,0.5394,0.7226,0.486,7.6142,
Naam Sujal,Blueprint,94,617,28.13,96.18,0.0,72.83,17.93,21.93,0.0,8.6,0.0,0.0,64.73,40.71,83.17,63.22,83.19,28.84,96.9,77.09,2.15,0.0,7.53,5.38,45.24,82.8,0.0,42.83,0.3888,0.6439,0.5954,7.9212,
Naam Sujal,Dafli Wale,91,640,32.12,95.31,14.75,76.77,25.75,34.09,0.0,15.56,0.0,0.0,73.03,64.21,85.56,44.27,73.76,17.78,96.07,45.56,0.0,1.11,4.44,3.33,37.27,78.89,3.37,46.77,0.529,0.6897,0.5332,7.847,
Naam Sujal,Its About Time,133,783,33.21,90.24,72.14,90.89,42.24,57.69,0.0,18.18,0.0,0.0,61.33,69.19,77.18,66.03,76.18,18.18,96.04,48.3,0.76,0.0,5.3,1.52,45.7,56.06,22.14,63.55,0.4719,0.5986,0.6525,5.4265,
Naam Sujal,Protocol,108,763,30.91,93.92,4.17,87.74,34.97,37.74,16.17,16.98,0.0,0.0,69.71,42.04,91.6,77.95,60.25,11.21,97.96,72.92,3.77,0.94,6.6,5.66,34.91,72.64,0.95,57.74,0.509,0.7069,0.5088,7.652,
Naam Sujal,PYAAR?,83,599,25.24,83.78,10.8,90.17,14.55,16.46,0.0,8.54,0.0,0.0,74.84,44.22,77.05,71.14,49.58,19.51,96.39,3.46,1.22,0.0,0.0,0.0,16.77,48.78,2.47,60.67,0.6352,0.7843,0.3914,6.808,
Naam Sujal,The Waddup,104,467,31.42,80.63,30.02,92.41,30.46,66.67,0.0,10.68,0.0,0.0,53.15,50.79,82.32,60.95,57.99,11.65,86.6,6.92,0.0,0.0,0.97,0.97,32.88,45.63,6.86,69.65,0.5156,0.677,0.5508,7.5474,
Naam Sujal,Vishay Khatam,88,591,33.31,94.38,0.0,90.0,44.03,54.79,11.74,27.59,0.0,0.0,74.2,47.09,91.1,87.32,87.93,0.0,95.95,65.9,0.0,0.0,4.6,9.2,38.73,74.71,0.0,60.02,0.4475,0.6501,0.5872,7.9765,
Panther,Aisi Jagah Se,70,754,36.37,53.08,0.0,84.36,60.1,100.0,18.24,18.84,0.0,0.0,95.0,82.47,93.9,92.79,87.95,0.0,79.56,38.77,1.45,0.0,4.35,0.0,89.19,23.19,0.0,54.36,0.4037,0.6264,0.6179,5.6044,
Panther,Bemisaal,92,763,31.92,81.07,4.97,93.16,40.97,61.54,17.58,12.36,0.0,0.0,90.06,81.27,90.65,62.13,85.19,88.59,87.29,36.8,1.12,0.0,3.37,3.37,95.51,46.07,1.14,72.66,0.3181,0.55,0.7094,5.2435,
Panther,Bohot Aagey,75,425,31.1,86.35,0.0,93.95,33.5,18.52,0.0,21.62,0.0,0.0,70.94,32.45,79.48,85.64,57.22,0.0,91.4,74.32,1.35,1.35,8.11,1.35,31.37,51.35,0.0,75.82,0.4774,0.6709,0.5592,7.9304,
Panther,Galat Karam,79,630,33.01,73.46,64.7,67.78,38.4,100.0,20.41,3.85,0.0,0.0,92.44,60.56,97.98,84.42,85.16,0.0,66.54,85.66,1.28,2.56,11.54,6.41,91.03,38.46,18.18,37.78,0.4517,0.6058,0.6438,5.8673,
Panther,Jaani,50,411,35.59,65.61,60.28,92.21,36.04,100.0,0.0,8.16,0.0,0.0,85.82,38.18,87.71,77.18,81.1,0.0,66.92,7.27,0.0,0.0,2.04,0.0,12.8,30.61,16.67,68.83,0.6569,0.806,0.3577,5.1864,
Panther,Kiska Hai,82,568,46.24,67.1,0.0,93.01,54.86,83.33,0.0,50.62,0.0,0.0,91.67,82.35,95.22,62.01,56.86,58.43,76.92,72.22,0.0,0.0,8.64,2.47,84.75,32.1,0.0,72.03,0.2915,0.5855,0.6683,5.8619,
Panther,Non Talha,264,1938,34.22,94.78,8.32,93.71,35.9,48.08,0.0,17.05,0.0,0.0,83.16,56.33,91.46,62.5,81.21,0.0,91.62,79.21,10.61,0.38,7.2,1.89,46.15,76.52,1.9,74.85,0.5179,0.6936,0.5278,6.9254,
Panther,Oh My God,71,458,33.96,94.6,0.0,83.9,36.31,14.49,37.27,11.43,0.0,0.0,63.91,55.63,91.07,49.39,59.51,5.71,86.0,73.21,1.43,0.0,7.14,5.71,38.98,75.71,0.0,53.9,0.5487,0.7152,0.4967,7.8548,
Panther,Parinda,53,444,35.94,5.77,45.98,94.14,46.45,74.07,0.0,25.0,0.0,0.0,95.0,84.65,89.23,92.46,85.99,0.0,79.38,19.71,0.0,0.0,3.85,0.0,100.0,1.92,11.76,76.57,0.4606,0.5899,0.6648,4.0136,
Panther,Parwah,25,176,32.12,95.37,0.0,89.5,9.92,13.89,0.0,4.17,0.0,0.0,71.88,49.72,75.43,58.59,86.02,16.67,97.92,51.04,0.0,0.0,4.17,8.33,34.21,79.17,0.0,59.5,0.5574,0.7385,0.4744,7.3025,
Panther,Rang,56,454,37.4,5.45,60.28,88.96,47.17,81.3,0.0,20.0,0.0,0.0,92.41,82.42,88.64,77.5,65.0,0.0,76.92,37.27,3.64,0.0,3.64,0.0,100.0,1.82,16.67,58.96,0.573,0.666,0.5667,4.8336,
Panther,Rangey Haath,134,953,35.13,91.31,0.0,84.08,56.74,69.7,51.95,15.79,0.0,0.0,85.4,80.59,75.47,78.37,72.19,3.01,95.62,68.88,7.52,0.75,6.02,2.26,62.12,60.9,0.0,54.08,0.3684,0.6012,0.6494,8.7788,
Panther,Rukna Nahi Tha,71,490,29.31,92.38,25.36,84.93,25.77,18.52,0.0,14.29,0.0,0.0,69.85,18.75,78.61,50.42,77.37,0.0,92.0,68.69,10.0,0.0,5.71,2.86,38.75,65.71,5.8,54.93,0.5186,0.6989,0.5202,7.6938,
Panther,Sajke,81,496,36.16,93.96,51.77,92.05,33.08,56.6,0.0,11.11,0.0,0.0,59.36,39.77,96.61,58.97,76.67,4.94,63.59,40.74,0.0,0.0,4.94,0.0,24.25,72.84,13.75,68.2,0.6107,0.7661,0.4201,7.0383,
Paradox,Ghatotkach,36,176,33.62,91.75,12.87,91.82,39.49,9.52,24.49,42.86,0.0,0.0,54.81,62.14,74.03,71.63,71.23,11.43,95.42,54.64,0.0,0.0,8.57,0.0,24.58,62.86,2.94,67.29,0.472,0.6739,0.5619,7.4701,
Paradox,Glitch,21,223,24.14,73.1,40.83,76.6,4.46,18.52,0.0,0.0,0.0,0.0,90.48,59.95,83.1,52.73,74.68,0.0,83.0,87.34,0.0,19.05,0.0,4.76,90.11,38.1,10.0,46.6,0.2825,0.543,0.7405,1.7349,
Paradox,Hasti Rahe Tu,46,311,37.06,79.44,19.89,90.71,38.39,32.26,0.0,24.44,0.0,0.0,74.94,37.26,66.95,51.16,21.74,17.78,64.62,44.58,0.0,0.0,6.67,0.0,22.01,44.44,4.55,62.85,0.6324,0.7501,0.4473,5.3511,
Paradox,Jaadugar,59,292,37.31,83.28,7.68,88.81,35.47,45.05,23.17,6.9,0.0,0.0,61.04,80.47,72.08,80.5,55.0,50.78,89.0,0.0,0.0,0.0,0.0,0.0,24.22,48.28,1.75,58.81,0.6462,0.7948,0.3747,7.5632,
Paradox,Zimmedaar,42,392,39.16,7.32,80.0,95.17,65.24,100.0,85.71,14.63,0.0,0.0,95.0,84.22,92.21,87.53,90.73,0.0,36.0,69.51,0.0,0.0,9.76,0.0,100.0,2.44,30.0,80.68,0.5548,0.6778,0.5541,3.0838,
Raftaar,36,87,724,34.23,89.65,30.88,82.65,43.19,100.0,13.39,11.63,0.0,0.0,88.81,81.9,91.25,50.27,71.04,43.2,75.16,49.81,2.33,2.33,2.33,5.81,90.48,54.65,7.06,52.65,0.3666,0.5258,0.7358,5.6484,
Raftaar,Aage Chal,89,563,32.78,51.39,0.0,100.0,45.85,79.1,14.53,14.81,0.0,0.0,83.88,81.92,86.88,60.88,66.53,0.0,78.68,63.27,1.23,0.0,6.17,4.94,82.35,22.22,0.0,100.0,0.3926,0.5832,0.6711,4.783,
Raftaar,Aisa Main Shaitaan,43,238,38.72,0.0,86.59,68.12,60.06,69.44,47.62,19.05,0.0,0.0,65.95,65.24,80.71,62.5,68.33,0.0,28.0,8.48,0.0,0.0,2.38,0.0,0.0,0.0,36.59,38.12,0.5175,0.6743,0.5586,4.3407,
Raftaar,Awein Hai,133,904,33.47,94.65,9.94,98.39,39.65,65.66,6.49,18.8,0.0,0.0,73.24,63.33,84.45,64.64,61.79,9.02,91.1,26.13,0.75,0.0,2.26,3.01,35.74,75.94,2.27,93.56,0.5159,0.7093,0.5054,6.0236,
Raftaar,BAAWE,106,726,37.31,77.45,0.0,74.07,64.0,100.0,23.53,51.89,0.0,0.0,83.41,80.31,95.82,89.18,88.17,3.77,95.58,91.87,15.09,0.0,11.32,2.83,39.46,42.45,0.0,44.07,0.3813,0.6293,0.6142,7.3122,
Raftaar,BANJO BOUNCE,95,413,33.67,85.0,18.82,77.32,41.45,44.12,21.01,13.83,0.0,0.0,50.78,80.81,98.27,51.33,50.21,0.0,96.81,23.94,0.0,0.0,2.13,3.19,53.24,50.0,4.3,47.32,0.2816,0.532,0.7291,8.4629,
Raftaar,Beshaq,74,458,24.0,19.67,78.33,70.09,26.06,38.76,0.0,6.56,0.0,0.0,54.92,60.3,68.33,59.5,39.44,0.0,55.0,16.8,0.0,0.0,3.28,0.0,85.71,6.56,28.33,40.09,0.5101,0.6517,0.585,6.3171,
Raftaar,Black Sheep,102,751,29.24,78.56,0.0,85.84,50.29,100.0,39.41,10.89,0.0,0.0,79.53,80.03,86.05,71.79,85.71,7.92,85.0,62.87,2.97,0.99,5.94,2.97,89.2,43.56,0.0,55.84,0.3041,0.514,0.7482,5.7822,
Raftaar,Damn,92,640,38.02,90.23,75.56,80.22,33.6,42.33,36.28,7.69,0.0,0.0,69.33,69.95,94.34,72.5,29.07,17.58,46.67,38.19,2.2,1.1,3.3,2.2,96.88,56.04,25.56,50.22,0.5619,0.6258,0.6187,5.638,
Raftaar,Dhaakad,50,255,42.04,0.0,70.41,62.61,39.61,53.76,0.0,18.0,0.0,0.0,56.6,80.06,82.0,55.83,34.26,0.0,73.85,40.12,0.0,0.0,6.0,0.0,0.0,0.0,20.41,33.63,0.602,0.7164,0.4967,5.8058,
Raftaar,Dilli Waali Baatcheet,79,523,36.97,15.58,42.37,83.32,46.88,64.1,0.0,32.47,0.0,0.0,83.71,77.18,100.0,87.44,74.22,0.0,68.13,66.88,1.3,0.0,7.79,0.0,62.5,5.19,10.53,53.32,0.4526,0.6115,0.6367,7.023,
Raftaar,Do Hazaar Solo,46,302,35.96,98.55,19.44,97.41,25.56,37.04,0.0,8.7,0.0,0.0,75.76,78.39,90.71,66.25,91.43,17.39,89.75,71.74,0.0,0.0,8.7,2.17,47.09,93.48,4.44,89.65,0.4172,0.6175,0.6324,6.2672,
Raftaar,Down,66,418,29.58,4.62,34.18,91.07,15.63,36.23,0.0,4.62,0.0,0.0,70.6,43.34,74.84,81.59,62.27,0.0,67.18,30.87,0.0,0.0,4.62,0.0,100.0,1.54,7.81,64.28,0.5209,0.708,0.5072,7.3626,
Raftaar,Drama,84,381,37.12,33.58,16.01,76.75,45.93,25.64,51.28,10.84,0.0,0.0,63.77,57.54,42.5,18.87,30.35,0.0,29.04,4.29,0.0,0.0,1.2,0.0,90.42,12.05,3.66,46.75,0.3643,0.5975,0.6539,5.7945,
Raftaar,F16,94,539,18.28,93.31,23.78,68.93,21.17,27.4,23.48,4.3,0.0,0.0,46.85,38.11,78.33,5.81,35.47,4.3,92.0,37.37,1.08,0.0,3.23,4.3,35.05,69.89,5.43,38.93,0.452,0.6326,0.61,8.259,
Raftaar,Feeling You,50,300,36.03,0.0,88.78,87.01,18.8,78.43,0.0,0.0,0.0,0.0,58.3,45.0,61.76,63.38,42.65,0.0,72.82,40.12,0.0,0.0,6.0,0.0,73.33,0.0,38.78,57.01,0.6858,0.7428,0.4575,6.5365,
Raftaar,Gaddi,67,334,28.71,98.34,0.0,67.59,35.8,26.67,17.14,13.43,0.0,0.0,44.38,35.77,77.03,49.0,56.86,0.0,96.67,33.58,0.0,0.0,2.99,4.48,36.26,92.54,0.0,37.59,0.3965,0.606,0.6435,8.1829,
Raftaar,Gall Goriye,65,289,36.58,81.15,6.84,76.59,34.65,60.0,17.14,10.77,0.0,0.0,51.89,80.09,65.69,90.77,55.83,6.15,85.25,15.77,0.0,0.0,3.08,0.0,27.5,46.15,1.56,46.59,0.5237,0.7295,0.4757,7.1451,
Raftaar,Gangnum,71,385,37.39,79.12,76.87,90.41,32.26,48.78,27.87,5.88,0.0,0.0,48.73,29.89,90.19,35.68,43.06,52.5,43.0,0.0,0.0,0.0,0.0,0.0,36.9,44.12,26.87,61.65,0.6166,0.6701,0.5603,4.5829,
Raftaar,Go Pagal,44,208,37.11,69.09,77.91,68.04,25.14,20.83,26.79,9.09,0.0,0.0,41.03,53.39,33.85,0.0,70.09,0.0,70.77,8.1,0.0,0.0,2.27,0.0,23.47,34.09,27.91,38.04,0.6339,0.7349,0.4707,6.978,
Raftaar,Goat Dekho,85,605,30.83,92.86,10.54,88.37,25.79,51.28,30.77,0.0,0.0,0.0,68.41,20.74,88.9,85.39,89.15,19.05,86.0,51.19,2.38,0.0,4.76,3.57,26.85,67.86,2.41,58.37,0.5472,0.721,0.4883,7.4972,
Raftaar,Haan,53,313,31.89,94.13,67.76,68.87,36.77,31.75,27.21,13.21,0.0,0.0,59.8,62.59,67.55,48.77,42.15,0.0,77.95,46.23,3.77,1.89,3.77,1.89,36.08,73.58,19.23,38.87,0.5713,0.738,0.4641,6.7422,
Raftaar,Haseeno Ka Deewana,42,187,31.95,69.15,40.83,59.34,15.67,20.2,0.0,7.32,0.0,0.0,47.57,81.95,27.5,57.5,51.54,0.0,90.5,21.95,0.0,4.88,0.0,0.0,20.91,34.15,10.0,31.77,0.5363,0.7584,0.4355,7.672,
Raftaar,Ice,57,466,33.22,92.86,75.45,93.51,53.25,100.0,37.27,14.29,0.0,0.0,90.27,82.03,96.02,88.03,88.1,7.14,95.67,83.87,3.57,0.0,12.5,3.57,84.26,67.86,25.45,74.05,0.2987,0.5235,0.7391,6.5603,
Raftaar,Lonely,62,313,28.34,88.23,21.52,77.4,30.58,0.0,0.0,11.29,0.0,0.0,48.6,44.55,20.25,61.67,0.0,6.45,56.67,79.03,0.0,14.52,0.0,0.0,27.17,53.23,4.92,47.4,0.4553,0.6856,0.5389,7.5794,
Raftaar,Main Wahi Hoon,124,613,31.73,0.0,10.76,74.05,38.28,17.92,24.58,16.26,0.0,0.0,48.51,80.05,71.25,71.46,53.79,0.0,74.73,55.28,0.81,0.0,6.5,0.0,0.0,0.0,2.46,44.05,0.4701,0.6378,0.6032,6.725,
Raftaar,Mantoiyat,70,396,32.01,72.14,0.0,72.92,40.11,29.41,21.01,25.71,0.0,0.0,56.38,80.06,71.15,62.5,55.83,5.71,96.67,75.71,2.86,0.0,10.0,0.0,15.18,37.14,0.0,42.92,0.5527,0.7391,0.4615,6.9565,
Raftaar,Mask On,75,466,30.87,86.35,55.62,71.58,18.0,30.3,0.0,5.41,0.0,0.0,60.0,80.2,79.51,40.77,58.39,0.0,82.4,4.81,0.0,0.0,1.35,0.0,95.12,51.35,15.07,41.58,0.3035,0.512,0.7504,5.9256,
Raftaar,Me And My Pen,80,527,34.56,39.08,45.32,65.34,46.38,79.71,0.0,15.19,0.0,0.0,70.58,80.65,84.1,30.33,56.74,0.0,63.59,60.76,0.0,7.59,3.8,0.0,74.51,15.19,11.54,35.34,0.4806,0.658,0.5767,6.9381,
Raftaar,Move,38,243,38.16,73.89,53.33,90.55,66.16,98.77,31.75,41.67,0.0,0.0,80.59,83.62,91.65,49.7,68.33,0.0,67.69,80.0,13.89,0.0,2.78,2.78,95.65,38.89,14.29,62.22,0.5152,0.6792,0.5541,4.8965,
Raftaar,Naachne Ka Shaunq,104,637,29.42,71.84,78.72,78.98,27.68,14.29,0.0,13.68,0.0,0.0,52.22,43.46,65.22,50.1,63.85,19.42,78.46,56.97,5.26,1.05,3.16,6.32,47.21,36.84,28.72,48.98,0.5161,0.6482,0.5897,6.1764,
Raftaar,Never Back Down,64,451,36.57,87.38,39.89,80.61,51.28,56.74,0.0,41.27,0.0,0.0,73.15,46.67,82.1,84.22,69.48,0.0,73.23,31.85,0.0,0.0,4.76,0.0,38.19,52.38,9.68,50.61,0.519,0.7432,0.4552,6.3566,
Raftaar,No China,72,521,33.56,82.89,25.0,90.09,49.76,100.0,0.0,15.49,0.0,0.0,76.87,82.44,74.58,70.0,79.27,11.27,87.2,58.1,0.0,0.0,7.04,0.0,85.84,47.89,5.71,60.35,0.2846,0.5336,0.7274,6.3705,
Raftaar,Popular,55,323,42.24,90.3,0.0,87.81,13.2,37.04,0.0,1.82,0.0,0.0,70.0,83.48,78.64,55.0,68.33,0.0,65.64,42.42,7.27,0.0,1.82,0.0,49.75,56.36,0.0,57.81,0.6017,0.7167,0.4953,6.742,
Raftaar,Proud,96,686,39.17,90.05,13.82,68.01,47.27,55.56,11.9,29.17,0.0,0.0,66.53,31.11,66.05,54.82,44.09,0.0,65.49,25.52,2.08,0.0,2.08,2.08,44.53,55.21,3.16,38.01,0.6175,0.7132,0.4996,5.4175,
Raftaar,Raashah,90,633,31.96,86.69,0.0,81.04,55.54,91.32,11.74,19.1,0.0,0.0,84.82,80.81,81.47,85.08,83.78,22.16,86.0,83.42,4.49,0.0,12.36,2.25,84.62,51.69,0.0,51.04,0.3727,0.5558,0.7029,6.8016,
Raftaar,Sare Karo Dab,67,416,33.67,93.03,33.14,91.99,17.97,73.45,0.0,1.49,0.0,0.0,66.56,72.67,99.38,74.95,86.66,5.97,87.8,30.6,0.0,0.0,1.49,4.48,41.64,68.66,7.58,67.96,0.5521,0.7159,0.4958,7.7179,
Raftaar,Sheikh Chilli,110,678,35.88,79.95,35.97,93.05,35.41,34.27,0.0,24.77,0.0,0.0,70.44,80.38,74.17,86.91,85.93,7.27,87.29,50.92,0.92,0.0,5.5,1.83,23.61,44.95,8.33,72.22,0.6121,0.7591,0.4309,7.3088,
Raftaar,Sick,49,280,30.75,92.59,55.11,71.76,22.5,46.51,0.0,8.33,0.0,0.0,64.68,78.37,77.29,38.31,27.3,0.0,84.0,55.21,6.25,0.0,2.08,6.25,91.76,66.67,14.89,41.76,0.3562,0.5483,0.7143,6.6135,
Raftaar,Superman,60,357,33.36,73.98,46.87,79.99,40.03,50.72,0.0,18.64,0.0,0.0,79.62,82.4,97.15,79.56,38.83,0.0,54.0,17.37,0.0,0.0,3.39,0.0,81.48,38.98,12.07,49.99,0.5143,0.5976,0.6539,7.678,
Raftaar,Swag Mera Desi,79,650,33.49,94.94,70.51,95.25,44.44,82.05,13.19,15.19,0.0,0.0,87.6,40.63,93.85,86.15,68.33,29.08,71.15,54.22,3.8,0.0,3.8,6.33,31.14,77.22,20.51,81.01,0.5442,0.705,0.5115,4.1183,
Raftaar,TRAP PRAA,103,521,27.4,83.54,51.7,67.65,55.16,100.0,30.3,12.62,0.0,0.0,42.08,53.66,65.88,60.8,66.45,0.0,90.0,40.78,5.83,0.0,2.91,1.94,42.72,48.54,13.73,37.65,0.4303,0.5893,0.6638,6.779,
Raftaar,Tu Phir Se Aana,68,338,26.93,0.0,19.89,73.41,37.62,5.13,17.58,29.85,0.0,0.0,48.55,81.32,59.1,70.87,15.5,0.0,89.0,15.3,0.0,0.0,2.99,0.0,0.0,0.0,4.55,43.41,0.3721,0.5935,0.6588,7.6546,
Raftaar,Warna Gabbar Aa Jayega,45,225,29.68,77.22,29.83,91.66,15.88,34.48,0.0,4.44,0.0,0.0,51.46,62.69,67.5,84.22,57.99,0.0,69.23,24.44,4.44,0.0,0.0,2.22,32.12,42.22,6.82,66.63,0.4958,0.6967,0.5263,6.997,
Raga,Akatsuki,68,636,33.2,75.3,19.89,100.0,55.79,100.0,40.1,14.93,0.0,0.0,95.0,81.18,98.19,87.27,87.81,23.4,95.12,81.18,4.48,1.49,8.96,1.49,67.9,40.3,4.55,100.0,0.3496,0.5701,0.6864,5.4369,
Raga,Badan,88,492,28.75,92.34,10.17,73.4,45.06,30.3,0.0,39.08,0.0,0.0,51.51,41.42,62.83,33.79,73.89,9.2,90.5,14.08,0.0,0.0,1.15,2.3,39.6,65.52,2.33,43.4,0.5339,0.7154,0.4965,7.7749,
Raga,GTA NCR,58,313,26.83,90.25,37.71,87.94,11.29,7.09,0.0,5.26,0.0,0.0,55.29,52.62,73.0,0.0,28.8,0.0,82.0,61.4,0.0,1.75,7.02,0.0,40.8,56.14,8.93,57.94,0.4969,0.688,0.5363,8.28,
Raga,Jahannum,60,386,31.27,92.09,0.0,74.23,18.05,29.76,0.0,6.78,0.0,0.0,67.24,64.24,78.64,34.35,33.16,26.23,95.21,48.73,1.69,0.0,5.08,1.69,34.43,64.41,0.0,44.23,0.5734,0.75,0.4451,7.1864,
Raga,Jamnapaar,74,477,30.71,90.99,29.97,94.58,28.89,85.59,0.0,6.76,0.0,0.0,64.58,55.0,92.17,89.88,85.34,0.0,95.0,41.55,1.35,0.0,4.05,2.7,21.74,59.46,6.85,78.31,0.4968,0.6984,0.5209,7.7851,
Raga,Rap Ka Mausam,74,424,24.96,91.29,0.0,80.89,29.46,12.35,26.46,10.81,0.0,0.0,51.59,17.0,78.33,27.58,14.18,16.22,68.92,32.43,4.05,2.7,1.35,1.35,48.61,60.81,0.0,50.89,0.5305,0.721,0.4882,7.2394,
Raga,Sheher,78,442,30.79,83.05,34.54,89.71,56.5,65.79,41.35,23.38,0.0,0.0,54.73,52.27,90.34,88.46,68.95,0.0,90.2,53.25,2.6,1.3,5.19,1.3,20.5,48.05,7.89,59.71,0.5845,0.7271,0.4794,7.497,
Raga,Skills,63,373,29.36,94.0,14.11,81.04,18.37,26.46,0.0,9.52,0.0,0.0,55.33,32.67,80.83,45.45,61.67,6.35,89.6,82.05,4.76,0.0,9.52,3.17,36.9,73.02,3.23,51.04,0.4795,0.6701,0.5603,8.2751,
Seedhe Maut,101,65,451,24.66,94.19,6.84,75.55,40.56,47.62,17.49,13.85,0.0,0.0,68.44,36.67,88.75,43.2,86.18,6.15,85.4,75.19,12.31,0.0,1.54,6.15,33.89,73.85,1.56,45.55,0.4679,0.685,0.5398,7.7829,
Seedhe Maut,11K,77,451,25.47,93.36,11.51,78.64,24.57,8.66,11.13,15.58,0.0,0.0,57.5,54.63,79.93,42.07,32.64,0.0,90.8,50.65,2.6,0.0,5.19,1.3,32.97,70.13,2.63,48.64,0.5029,0.6817,0.5444,7.5693,
Seedhe Maut,Alla Freestyle,77,636,29.2,93.94,5.76,100.0,38.96,100.0,15.04,10.39,0.0,0.0,85.49,50.45,94.55,87.57,85.49,0.0,95.6,69.16,1.3,0.0,6.49,6.49,38.68,72.73,1.32,100.0,0.4882,0.6619,0.5714,6.3211,
Seedhe Maut,Batti,105,699,30.51,92.95,4.25,100.0,28.99,44.87,8.24,12.5,0.0,0.0,71.88,44.36,96.57,85.9,68.33,15.24,98.24,66.38,5.77,0.0,5.77,3.85,31.59,68.27,0.97,100.0,0.5306,0.7017,0.5163,7.1598,
Seedhe Maut,Brahamachari,53,504,37.81,95.73,45.98,100.0,69.52,100.0,43.29,57.69,0.0,0.0,95.0,80.51,100.0,89.69,88.6,15.38,93.0,75.0,3.85,0.0,7.69,1.92,34.2,80.77,11.76,100.0,0.4716,0.656,0.5809,7.7733,
Seedhe Maut,Do Guna,94,504,24.46,89.84,71.74,100.0,18.1,34.48,0.0,5.38,0.0,0.0,54.35,55.82,83.1,83.64,87.34,4.3,81.5,59.68,2.15,0.0,6.45,1.08,34.09,54.84,21.74,100.0,0.579,0.7315,0.4727,8.8795,
Seedhe Maut,Gourmet Shit,116,900,24.56,68.04,15.35,90.18,47.93,73.64,23.26,14.78,0.0,0.0,79.64,80.9,83.14,58.59,54.83,3.48,95.62,37.61,0.87,0.0,4.35,0.0,70.45,33.04,3.51,60.74,0.2667,0.5079,0.7546,4.9156,
Seedhe Maut,Khatta Flow,88,572,27.29,93.18,10.06,73.3,17.79,31.53,0.0,4.55,0.0,0.0,66.16,39.76,89.25,63.6,59.39,0.0,96.9,69.11,7.95,2.27,5.68,3.41,45.77,69.32,2.3,43.3,0.4654,0.6654,0.5666,7.7703,
Seedhe Maut,Kohra,91,551,25.1,90.48,29.17,100.0,27.24,24.39,0.0,16.48,0.0,0.0,61.48,44.39,84.87,61.6,43.16,4.4,88.5,7.83,0.0,0.0,1.1,1.1,36.5,57.14,6.67,100.0,0.6023,0.7543,0.4383,6.3648,
Seedhe Maut,Maar Kaat,35,239,30.98,67.35,0.0,93.55,52.91,68.63,25.21,32.35,0.0,0.0,84.3,80.63,93.98,60.28,86.51,0.0,97.22,87.11,0.0,2.94,20.59,0.0,72.0,32.35,0.0,74.19,0.3465,0.6076,0.65,6.8145,
Seedhe Maut,Maina,72,498,26.1,93.83,52.75,100.0,23.25,52.91,0.0,8.33,0.0,0.0,67.0,30.27,87.65,57.5,60.0,5.56,84.8,37.15,0.0,0.0,4.17,1.39,37.99,72.22,14.08,100.0,0.6217,0.7765,0.4037,6.1441,
Seedhe Maut,MMM,151,1031,30.64,93.63,2.94,96.92,40.72,26.67,0.0,38.0,0.0,0.0,73.41,41.35,90.99,85.66,66.57,5.33,97.18,82.5,8.0,0.0,8.67,1.33,30.09,71.33,0.67,87.67,0.5739,0.7398,0.4604,8.5731,
Seedhe Maut,Naksha,73,598,33.46,78.06,6.16,100.0,65.52,100.0,31.17,47.22,0.0,0.0,95.0,81.85,93.19,90.62,89.62,0.0,89.0,81.39,4.17,0.0,8.33,4.17,52.53,43.06,1.41,100.0,0.3122,0.5154,0.7468,4.1561,
Seedhe Maut,Namastute,63,482,29.66,93.55,7.17,100.0,41.68,53.76,0.0,25.81,0.0,0.0,81.56,53.78,100.0,88.26,81.78,0.0,96.81,59.68,0.0,0.0,6.45,3.23,35.98,70.97,1.64,100.0,0.5115,0.7159,0.4957,6.1969,
Seedhe Maut,Nanchaku,120,729,34.5,93.7,18.38,100.0,50.76,25.0,26.19,29.17,0.0,0.0,63.81,54.16,83.89,71.63,56.74,3.33,96.02,52.92,2.5,0.0,5.0,3.33,37.78,71.67,4.2,100.0,0.5338,0.7213,0.4878,6.3283,
Seedhe Maut,Natkhat,110,580,29.31,88.21,60.28,91.93,36.17,18.52,19.05,19.27,0.0,0.0,46.14,45.25,70.0,48.33,52.24,7.34,93.5,33.79,1.83,0.0,0.92,4.59,36.78,53.21,16.67,67.72,0.5172,0.6986,0.5206,7.9585,
Seedhe Maut,Nawazuddin,94,580,28.51,91.96,9.41,100.0,45.49,53.33,11.43,25.53,0.0,0.0,76.06,80.25,93.63,75.0,85.36,0.0,96.55,85.23,9.57,1.06,8.51,2.13,33.96,63.83,2.15,100.0,0.4716,0.6633,0.5695,7.3699,
Seedhe Maut,Peace of Mind,103,656,33.82,90.41,54.98,72.59,35.2,43.48,0.0,19.61,0.0,0.0,75.48,81.04,74.21,59.77,70.35,3.92,83.75,58.33,1.96,0.0,5.88,2.94,94.39,56.86,14.85,42.59,0.4197,0.5463,0.7135,6.4287,
Seedhe Maut,Raat Ki Raani,83,712,29.81,85.0,16.2,93.31,50.59,76.92,26.37,18.29,0.0,0.0,88.48,80.42,86.98,69.54,65.86,67.26,96.19,44.82,2.44,2.44,3.66,2.44,66.67,50.0,3.7,73.22,0.3072,0.5178,0.7443,5.7585,
Seedhe Maut,Shakti Aur Kshama,92,741,33.95,78.96,19.44,100.0,29.48,77.24,0.0,8.79,0.0,0.0,86.21,59.84,98.75,91.84,86.93,8.79,85.67,81.24,0.0,0.0,13.19,3.3,29.06,43.96,4.44,100.0,0.6143,0.739,0.4616,6.8382,
Seedhe Maut,Taakat,91,566,27.03,72.78,19.66,80.77,33.03,63.93,0.0,12.22,0.0,0.0,65.67,80.15,79.3,85.7,72.56,4.44,97.22,76.67,0.0,0.0,8.89,4.44,81.08,37.78,4.49,50.77,0.3318,0.5411,0.7192,6.1764,
Tsumyoki,BREAKSHIT!,110,818,35.07,79.95,73.15,96.34,17.47,28.46,0.0,7.34,0.0,0.0,71.97,23.13,76.9,59.92,65.47,0.0,62.91,39.3,3.67,0.92,0.92,4.59,64.21,44.95,23.15,85.37,0.5221,0.578,0.6773,3.7667,
Tsumyoki,Candyland,78,737,25.65,64.1,17.05,100.0,46.64,58.2,13.61,24.36,0.0,0.0,84.81,59.22,83.16,49.39,59.51,0.0,88.5,74.12,6.41,5.13,2.56,8.97,90.66,29.49,3.9,100.0,0.2903,0.5359,0.7249,3.7663,
Tsumyoki,Dont Even Text,70,570,25.53,60.69,45.98,81.87,1.02,0.0,0.0,0.0,0.0,0.0,53.44,18.75,72.97,12.2,55.33,27.86,75.9,78.99,1.45,11.59,1.45,0.0,81.29,27.54,11.76,51.87,0.3298,0.5452,0.7146,3.2274,
Tsumyoki,Ek Do Ek,115,958,26.99,87.68,15.77,91.27,16.61,38.46,8.24,4.46,0.0,0.0,75.02,56.54,79.91,46.64,64.21,54.69,92.0,61.4,6.25,5.36,2.68,6.25,86.35,52.68,3.6,65.07,0.3146,0.5215,0.7404,3.7572,
Tsumyoki,Feel Okay,63,413,23.97,46.37,40.36,93.31,7.59,8.13,0.0,3.23,0.0,0.0,51.31,37.35,21.98,15.62,44.79,0.0,85.0,36.29,0.0,1.61,1.61,4.84,91.86,19.35,9.84,73.25,0.312,0.55,0.7094,3.1867,
Tsumyoki,Headphones,59,492,31.52,39.19,22.63,93.14,12.26,9.8,25.21,0.0,0.0,0.0,65.76,15.38,26.05,11.63,58.26,0.0,61.54,22.88,0.0,3.39,0.0,1.69,94.85,15.25,5.17,72.58,0.4013,0.5745,0.6815,2.8579,
Tsumyoki,IDK,54,412,20.73,35.19,61.19,86.85,5.85,8.77,0.0,1.85,0.0,0.0,60.38,19.57,65.65,12.82,17.09,57.5,76.92,30.25,0.0,1.85,1.85,3.7,94.05,12.96,16.98,56.85,0.3136,0.5401,0.7217,3.033,
Tsumyoki,Its Aight,81,477,25.48,32.19,0.0,91.34,14.22,13.61,17.49,2.5,0.0,0.0,42.16,37.61,65.69,0.0,61.88,0.0,95.28,22.5,0.0,2.5,1.25,1.25,91.05,11.25,0.0,65.35,0.2488,0.4917,0.7711,3.5625,
Tsumyoki,On My Way,58,455,27.36,67.65,42.05,94.39,8.68,9.8,25.21,0.0,0.0,0.0,65.21,19.74,59.55,16.67,0.0,0.0,87.0,45.92,0.0,4.08,0.0,6.12,88.24,32.65,10.42,77.55,0.3145,0.5759,0.6823,2.7478,
Tsumyoki,Perfect Life,68,480,20.55,40.81,26.12,92.61,12.39,12.58,16.17,2.94,0.0,0.0,53.48,23.08,89.74,11.9,0.0,0.0,92.0,9.56,0.0,1.47,0.0,1.47,94.26,16.18,5.97,70.43,0.275,0.5048,0.7578,3.6765,
Tsumyoki,Pink Blue,104,468,25.86,51.58,0.0,82.58,25.85,7.25,55.9,2.91,0.0,0.0,32.0,16.3,66.92,0.0,64.41,7.77,63.08,31.07,0.97,3.88,0.97,0.0,79.37,22.33,0.0,52.58,0.2148,0.5025,0.7602,3.3633,
Tsumyoki,Sunlight,66,508,26.86,58.27,6.84,92.13,8.97,28.37,0.0,1.54,0.0,0.0,66.56,38.6,82.1,20.0,85.0,6.15,81.2,63.65,9.23,4.62,1.54,3.08,92.91,26.15,1.56,68.53,0.2702,0.5158,0.7464,4.0087,
Tsumyoki,The Way I Fall In Love,92,792,23.97,78.48,19.23,93.61,20.96,40.4,38.96,1.09,0.0,0.0,70.65,38.13,52.19,7.69,26.28,0.0,74.36,59.17,8.7,4.35,1.09,1.09,84.29,43.48,4.4,74.45,0.3167,0.5297,0.7317,3.2233,
Tsumyoki,WANT IT ALL,92,426,27.59,64.8,20.35,83.32,11.82,17.54,15.04,1.15,0.0,0.0,34.86,43.27,58.23,42.63,72.04,4.4,96.46,28.16,1.15,1.15,1.15,3.45,69.01,29.89,4.65,53.32,0.2665,0.4711,0.7913,5.5379,
Tsumyoki,WHAT CAN I SAY?,75,662,27.02,57.43,43.63,100.0,23.31,53.57,0.0,6.76,0.0,0.0,76.12,52.51,87.16,64.41,85.87,58.85,96.25,77.03,1.35,9.46,0.0,4.05,87.62,25.68,10.96,100.0,0.3105,0.4931,0.7697,3.658,
Vichaar,3 DRAGS,67,555,31.8,86.52,77.69,95.08,50.04,100.0,17.49,15.15,0.0,0.0,81.01,80.19,92.07,57.92,88.01,59.77,82.0,86.44,3.03,0.0,13.64,6.06,88.24,51.52,27.69,80.34,0.5106,0.6034,0.6467,5.8062,
Vichaar,5 Fingers of Death,159,924,34.08,71.71,67.4,79.85,34.17,38.69,7.65,10.76,0.0,0.0,63.21,42.96,77.37,70.33,42.15,2.53,83.27,63.45,6.96,0.63,5.7,0.63,15.66,36.71,19.11,49.85,0.6807,0.7779,0.4016,8.4185,
Vichaar,Bhul,73,469,33.86,66.94,24.65,68.41,35.31,16.95,0.0,19.44,0.0,0.0,60.83,62.2,35.88,56.61,22.22,0.0,97.08,69.44,1.39,0.0,8.33,0.0,12.71,31.94,5.63,38.41,0.6285,0.7798,0.3986,7.5112,
Vichaar,Haadse,64,483,37.16,90.83,28.23,73.03,58.34,69.77,19.93,39.68,0.0,0.0,83.79,76.43,90.85,85.14,85.47,6.35,82.5,42.46,0.0,0.0,4.76,1.59,16.23,58.73,6.45,43.03,0.608,0.7711,0.4123,6.6997,
Vichaar,Kalakaari Vishwasniya,57,473,40.13,86.79,7.95,84.03,39.6,100.0,0.0,41.07,0.0,0.0,95.0,81.01,89.64,86.57,83.48,0.0,89.0,62.5,1.79,0.0,7.14,0.0,18.92,51.79,1.82,54.03,0.6516,0.7842,0.3921,6.4881,
Vichaar,Mehnat,102,617,30.83,69.65,37.92,60.88,35.36,8.89,26.67,15.84,0.0,0.0,59.21,51.54,66.5,60.34,36.4,0.0,92.86,69.31,0.0,0.99,7.92,0.99,14.1,34.65,9.0,32.64,0.623,0.7929,0.3776,7.4172,
Vichaar,Mudda Kya Hai,119,693,33.82,85.0,36.6,72.02,38.05,15.87,13.61,22.03,0.0,0.0,56.87,37.58,74.28,61.85,33.7,13.56,80.37,22.46,2.54,0.0,1.69,1.69,27.41,50.0,8.55,42.02,0.5619,0.7378,0.4633,7.3293,
Vichaar,No Pockets,79,613,34.77,91.74,22.73,78.61,36.18,51.28,0.0,12.82,0.0,0.0,79.04,34.89,86.03,81.15,62.03,0.0,82.57,49.68,6.41,0.0,3.85,2.56,28.53,62.82,5.19,48.61,0.5443,0.727,0.4795,6.423,
Yashraj,Complicated,64,432,23.42,96.47,28.23,75.08,28.21,38.76,19.93,4.76,0.0,0.0,62.54,20.0,75.33,40.19,78.1,0.0,78.97,16.27,0.0,0.0,3.17,0.0,50.33,84.13,6.45,45.08,0.4611,0.685,0.5398,8.5616,
Yashraj,DAF,114,854,31.15,61.62,15.49,85.49,34.75,20.33,0.0,17.54,0.0,0.0,76.0,76.1,72.52,43.36,40.41,3.51,88.62,81.1,14.04,0.0,4.39,1.75,39.9,28.07,3.54,55.49,0.5019,0.6645,0.568,6.3591,
Yashraj,Dhundhala,49,304,35.41,88.06,54.2,73.15,18.55,28.57,0.0,6.12,0.0,0.0,60.62,46.45,88.75,60.88,39.86,0.0,67.69,66.33,0.0,0.0,8.16,0.0,22.4,53.06,14.58,43.15,0.7006,0.8174,0.3389,5.6141,
Yashraj,GABBAR,34,231,28.27,94.12,26.52,83.13,42.55,64.52,82.95,2.94,0.0,0.0,76.0,33.57,93.75,88.86,85.22,0.0,93.0,17.89,2.94,0.0,0.0,2.94,25.7,73.53,6.06,53.13,0.514,0.6987,0.5273,7.723,
Yashraj,Khel,60,307,37.74,38.75,70.34,72.35,12.63,0.0,0.0,6.67,0.0,0.0,49.82,61.03,0.0,82.5,0.0,0.0,95.42,17.08,0.0,0.0,3.33,0.0,22.81,15.0,20.34,42.35,0.5834,0.6748,0.5539,6.0609,
Yashraj,Musafir,11,86,32.86,60.23,0.0,96.62,37.47,100.0,0.0,9.09,0.0,0.0,92.73,84.51,67.22,96.7,82.62,0.0,87.39,30.68,0.0,0.0,9.09,0.0,9.76,27.27,0.0,86.48,0.6035,0.8036,0.3897,6.1777,
Yashraj,Paracetamol,96,539,32.08,41.67,79.47,71.52,36.47,45.66,23.48,15.62,0.0,0.0,57.92,81.24,41.26,34.55,25.0,4.17,40.0,34.38,0.0,0.0,4.17,0.0,16.88,16.67,29.47,41.52,0.6864,0.7407,0.459,6.0344,
Yungsta,Dilli,92,616,30.97,92.03,9.62,79.24,28.52,45.27,0.0,13.04,0.0,0.0,70.73,56.25,87.7,78.38,72.25,8.7,96.31,78.64,6.52,0.0,7.61,2.17,28.07,64.13,2.2,49.24,0.551,0.7261,0.4807,7.1567,
Yungsta,Hona Hi Tha,137,825,34.19,91.18,6.48,94.77,26.29,57.74,0.0,11.03,0.0,0.0,62.78,57.89,88.9,58.71,67.36,2.94,92.6,34.38,3.68,2.21,2.21,2.21,40.82,60.29,1.48,79.08,0.4525,0.6271,0.6171,6.9114,
Yungsta,Jeena Isi Ka Naam,80,426,30.45,71.71,41.58,90.48,47.54,71.9,16.81,13.92,0.0,0.0,56.81,48.07,79.25,88.02,70.26,0.0,89.0,25.4,0.0,0.0,3.8,0.0,21.94,36.71,10.26,61.9,0.6599,0.7681,0.4169,8.278,
Yungsta,Kaamyaabi,75,717,32.66,92.19,0.0,100.0,52.46,100.0,31.75,12.16,0.0,0.0,95.0,39.37,100.0,97.62,94.33,0.0,88.0,81.01,2.7,0.0,8.11,5.41,32.31,64.86,0.0,100.0,0.5508,0.7357,0.4665,7.1099,
Yungsta,Ruhbaru,55,421,32.7,93.13,24.31,86.76,41.92,19.61,16.81,29.09,0.0,0.0,78.73,61.86,92.61,75.36,82.62,0.0,93.2,55.76,1.82,1.82,1.82,7.27,46.85,69.09,5.56,56.76,0.466,0.6116,0.6376,6.9399,
Yungsta,Sansani,71,463,31.17,91.24,36.67,84.03,37.32,32.26,0.0,25.35,0.0,0.0,73.86,80.47,85.3,89.21,85.83,11.27,89.5,80.41,0.0,0.0,12.68,2.82,25.0,60.56,8.57,54.03,0.5173,0.7003,0.5182,7.2285,
Yungsta,Savera,90,457,34.8,69.83,4.97,88.47,37.44,51.28,39.56,10.11,0.0,0.0,57.85,82.31,67.44,62.5,22.47,0.0,73.85,39.33,0.0,0.0,4.49,1.12,15.73,34.83,1.14,58.47,0.5255,0.7226,0.486,7.759,
Yungsta,Sukoon,82,453,34.12,94.79,16.41,78.27,52.26,100.0,0.0,14.81,0.0,0.0,55.51,47.12,70.95,67.92,24.54,0.0,54.8,72.22,1.23,0.0,8.64,1.23,28.06,76.54,3.75,48.27,0.509,0.7303,0.4746,7.529,
Yungsta,Totka,90,536,32.87,92.34,15.26,93.98,35.0,78.7,0.0,11.49,0.0,0.0,69.61,37.07,82.04,73.18,68.9,0.0,96.55,42.53,0.0,0.0,4.6,2.3,32.03,65.52,3.49,75.91,0.4912,0.6842,0.5409,7.8492,
